model,type
30a730ca-c466-4e8c-b00b-bf7b317495e2,Cone
1b220e0b-d7fa-40a0-8cfd-930a3228c668,Sphere
347130e7-e4ad-4714-a322-dadd515433f7,Torus
1346fe51-b6f1-4036-a2c4-cdf84abf6c85,Cone
1715abb8-f4e4-4eb3-a030-6c5b0083f1f0,Cylinder
0b75c9af-3446-4610-973c-f81ad11f660a,Cone
2fc56fcc-6782-496a-bd5a-b1833d7e9c35,Sphere
13f0e1de-9b77-429b-b2cf-62b9a7dfb2d5,Sphere
1217768d-9bf9-44ce-ba65-110e04b0af29,Cube
0b69b102-3bce-4ae2-aab6-7f43b46b6bd0,Torus
275c0d23-3790-4077-a84f-832ce8509b6d,Sphere
1ca03150-0a8d-435a-a2d8-f16f20eb432d,Torus
27fb1687-464e-42a5-b20a-876248f6d798,Sphere
139926b6-ca10-4f77-956c-5d023a3b5ce1,Cone
26a1b240-34db-49d8-b14e-3e2706c40b8f,Cylinder
03cc66c2-1c12-4e2e-9043-d8a21d7a2c08,Sphere
2882c10e-a153-41ca-b1ff-fa207fe3d936,Sphere
258d8bad-d2fe-48d2-8ae1-b5767afc2aae,Cone
16c75e5b-7211-4a67-84e8-fb5397072b9e,Sphere
355a940a-c73c-43c0-83ac-c4aaa4cd10ca,Cone
28aa3b6e-8e49-46a5-9155-ecf2a8ac40c4,Torus
0f116faf-2e09-4fc0-8bd2-6f6dc0c3f39f,Cone
25e46d20-73a8-469f-ac2e-d44cf747ff57,Cylinder
3402407e-6f48-48f0-a037-245f7fd96e30,Cylinder
181e85a3-800b-4d8c-80da-2e1da367c0fc,Cone
18ad2d66-36e9-46d4-8607-b6c78075a59d,Cone
0358caba-fb88-4c39-a4e2-a13a35d7c596,Torus
2406c758-8ea3-43b6-bc90-d2891e297f30,Cylinder
12322ff7-cef3-4a15-b975-57bc1c2553bd,Sphere
11721cd0-0866-47bf-8037-c729c4940cc6,Cylinder
1eaf29b6-b627-4a54-820c-96be01f43f71,Cone
0363677f-22cd-43c4-a6d2-d8946dfd3888,Cylinder
0a7675a7-39d8-4228-84c7-ebf9a7e72b6d,Cube
341105bc-7977-4d0a-80f7-b9f5bb45d6c5,Sphere
0be42ce8-fe23-4051-9365-939d86c26f2c,Torus
1fac13f5-394d-46e1-87ca-6e449a885150,Torus
24667eec-32a8-4f2a-ba4f-b708340a67c2,Cylinder
035590d2-9801-485e-b904-6fc877ee3b6b,Cylinder
2fba8665-8839-4961-92ee-4f5f9b13115e,Cylinder
25b2a34e-1a95-4508-be65-81f72a4b319e,Sphere
09d11ea8-07ca-4c3f-9b4d-f9f2c65c08ad,Torus
3399b690-5126-4ca8-82c0-a620ae142d46,Torus
112b1619-a45e-4e88-8e74-445e1c7e278a,Cube
1f0be9c2-ec83-42c9-a274-19f3241f55ad,Cylinder
2c863484-c055-4f1b-9106-b0f36b6731e9,Cone
04f2dcc9-4bcd-414d-bd76-e967f78e5892,Cube
1a56bde5-5a2a-4e4e-9bec-dc4667cf3ce1,Cone
1ce77363-9420-41c1-a42e-a866de303328,Cube
1c0409f7-3570-4dfe-a374-b3657f14015f,Cylinder
09525cf6-d223-48e0-817f-5b5b2a646a0f,Cylinder
22c19204-2769-4ae0-b802-93804e8d8f58,Cube
14f28102-1722-47d9-8ef5-0115daac1d04,Cube
0183734b-0f65-4224-b619-2b3adcb671de,Cone
27e7218a-92fe-4ffc-8f28-4ca440d3d258,Sphere
18483698-bff6-4d03-aa37-d86f9b496327,Cube
21f936d7-23d5-4775-9fdd-ace7dc39d9dd,Cone
04d7ecd6-b315-447d-85aa-ea7c7801c0a4,Sphere
0ddaf179-1854-478d-86b6-e7a8e7d67303,Sphere
0b967194-83ac-4e0d-ba1b-f43eabf4d10e,Sphere
22208166-e60e-4649-8ad2-c57203a28a3d,Torus
102083ed-bf29-4953-9082-39e6800086d3,Cube
0dec3e08-f26c-4b22-b977-b5d4594bdca8,Cone
0cd42277-4259-4537-ba94-2dfbc1a4d002,Cylinder
02473945-58b3-436e-8542-7d39f57ecff0,Torus
0f168e11-c796-4d37-b92f-27239cbf2b04,Cone
11f99e6d-4219-4068-a76c-925a6d3ee8c4,Sphere
2c6e8b19-bd93-497d-83f7-ca725041f750,Cone
240ce531-743c-4bc3-b9a9-751d47a5d769,Torus
337429a3-b91c-4e34-81e1-5c53c2e6c37f,Cube
05bbe038-9f7d-4a43-80e4-eed6e0244aa7,Cylinder
348c0981-5759-4b96-a047-6030eac1164b,Cube
1419b1bf-6422-4bd7-a4f3-7fead9df76f0,Sphere
194f690f-eea8-46d6-856c-c537aae8724b,Cone
260f0351-d7f9-48b6-809e-fbce21fc6107,Cylinder
2fea753a-7ddd-4be3-abf3-396182be27ab,Sphere
2c47df75-d300-40ec-8726-8df492fc76fe,Torus
0c0fa74e-17b4-4268-a2f7-1bc5e7b6ae78,Cone
09983131-6448-4a67-b927-b515b1b56e1a,Cylinder
22674921-3d3e-4eb2-8335-6feda24ad515,Torus
150a86c2-ab3f-44f0-a2ae-33a5d7c2823e,Cylinder
20bec328-bb5c-4a90-96fe-1e14db28f405,Cone
101f5b5e-5714-448f-8dd5-816b1d5170c1,Cone
07a2b718-a620-4394-aa46-b3d92e3566c9,Torus
07890a7c-47aa-41a0-9f9b-34cb750100d5,Torus
2739e1ff-e514-4d20-8c40-ced30cccbd19,Cube
1c32d828-f264-49a7-a9aa-e5d9b603426f,Cone
34942dbe-5892-45fd-8e5a-f192407f0b43,Torus
1272a65d-db8b-4eee-b1ea-f2f0d0af96cb,Cone
1f868851-f18f-4fd9-8a52-96334b83a52c,Cube
0ca0c244-8039-44e3-af4a-f60efe85ef63,Cone
180ff419-dc0c-490e-b8fa-f2d73f86d130,Sphere
2fe03a9c-1cf0-4be5-bbdf-126da9756a0b,Torus
0c5f87d1-212c-427d-92d6-057a23beb206,Torus
19947126-709e-4cfc-bab6-064abf2529e7,Cylinder
29bb06dc-1950-410a-b365-a4c8ba5f3ef1,Sphere
05501e31-eaa8-4db7-a0e4-0df932be886a,Cylinder
05c49811-723c-4e7a-ad1f-fc8bb16d51f5,Cube
261e5b12-3744-4ccd-ad35-3e9bf28624fc,Torus
22ff462c-7d96-4bf3-90a8-5549ba9babdb,Sphere
0b28c43e-43bc-4972-9d99-6701a01e2a23,Torus
20bc97de-c897-4da4-a0c1-195a2e8c46dd,Cylinder
12533065-b71c-4521-bf19-3bc5588be362,Torus
0dbaa5f1-ba7b-4851-a232-275d09104e74,Cylinder
0cc23862-3500-45c3-be94-7a910cccea7d,Sphere
04339b2d-5b9b-45ba-8fef-aa8117e9068b,Sphere
1e061d5b-a66e-446d-9ada-ca7044107000,Cube
02cee1c5-a672-4a6b-aaeb-3630b948f17a,Sphere
1b14a982-784b-4ea0-9c86-2a9b2677d87f,Sphere
1a5472b5-0386-423d-8ee8-ccc5f7ce9eca,Cylinder
1ac07079-0e4d-4d47-b360-76f0534f0b79,Cube
289c236f-e5f0-45a3-be06-cce9d9b916a2,Sphere
236b7c96-dfab-4925-9739-2e98a48d1b25,Torus
1fc1e7e4-9e24-4b9a-91dc-7d9bafd3bba2,Cylinder
2bdf9cc2-0937-4896-842a-382e74752d8b,Cylinder
329a5a98-5239-4f2c-8fa0-76d4d359525a,Cylinder
059dbab2-171d-413a-85e5-4209a0a6989c,Cylinder
05de1b39-f7ad-4927-a9b4-a0489cf34313,Cylinder
01d745ab-33b8-4b75-83c2-49fd30704d92,Sphere
2f18de4f-906f-496c-9870-0d10e5a27de3,Sphere
25939a92-0f59-46d1-b159-69880895d12f,Sphere
03269073-45c2-4918-9041-3b11b748efb5,Cube
1c4d5c1a-20c4-425d-a69d-13510c9eb801,Cone
264f2239-bba0-4a08-9486-5d8100361d8c,Sphere
1e596149-7db3-4d3c-8b12-96d6b0b247cd,Cylinder
05be1dd7-5ff2-436e-83d6-03914164148d,Cylinder
2371caae-2215-452a-bdcf-4d445326af34,Sphere
20124d07-40ae-4de5-9f99-1c898e0c8738,Cone
2913a2b3-7ee0-4c97-855d-0a556bb080d6,Cone
2a265baa-aac4-4e09-b2bc-9ec69e433a7d,Cylinder
2ab8f7dd-5532-4bb3-8109-73c164319c41,Sphere
0554546e-2edc-429f-8776-36cb966fac95,Torus
1c10b806-c57b-4fa8-919f-3dadea01a030,Cone
1de11f36-6243-4663-b619-bc7be11c1e97,Torus
26a1b459-43c7-4951-a096-f34f5d6e1f65,Sphere
2e0fe627-5262-40f2-8e90-68ba29f10318,Cylinder
26236d8d-8061-4fa2-8b54-f6eeb2b6176f,Torus
12d05354-f954-4e3e-821e-9c2a4987c1db,Cone
001352ce-6756-4705-b25b-d621ea1e7b71,Cylinder
19776d82-87e4-41c0-91bf-569315c49b77,Cube
323062d1-c505-41b3-aa7c-4f8b3c2608d8,Cylinder
31c9c97a-dd83-4a7d-9a79-a54b6196313a,Cylinder
173f342e-6d44-4845-9440-721b6ef9d80d,Sphere
1289268f-9247-491e-8a7d-c371f8e4209b,Cone
041d7574-dfdd-4ef9-8450-e5b343431150,Cylinder
0cd0a0da-e1f6-4bc4-9279-c6e75a1f5b90,Torus
00d7611d-1579-4537-b575-60211cc5e487,Sphere
094d8fa5-5bc0-468a-bb8d-3d283fa3a9a3,Torus
0bb38942-0176-42c0-a491-86547668d081,Cylinder
10dfb4cc-3bdc-456a-8645-ba3bc2d5418d,Cube
012eeb98-61a0-4576-bf5e-868593c60b29,Torus
1b9e1a8f-e56f-4d06-9d97-adc1e05679ad,Cylinder
1fc8b261-6415-40a2-8559-3b92ed284036,Cylinder
0bdedbb5-0e3f-4ca6-9c52-a4e6b6c674fe,Cone
12d923e1-efd7-42f7-b96f-d57a0cd1b9ca,Sphere
071fe83d-01ab-4990-97a0-155898f7351e,Sphere
319fa7a3-08cb-4a45-9dca-1143fc44eb9e,Sphere
12fd400e-6a69-493c-a9f9-79c138c9289e,Cube
26c3a48d-4bf3-41c3-935c-e970695d1e2f,Cube
1d802a8a-4d79-48af-8514-6a8e2f1a9fbb,Cone
0780e3f1-dc4e-4036-beed-ce788332c294,Torus
2125fb0e-c47e-4209-81ed-8da33faa2247,Sphere
027daa66-02bf-49fb-a0c5-7ef731d4af53,Torus
0daa12be-f630-443f-b0b1-227b0a007b7c,Torus
1367b3de-cdd6-416c-94dc-69cc34697384,Torus
18eda6c0-c71d-4606-b051-228479d16394,Cone
23aac4bb-7ee3-41d2-9ee2-47c435d82b5d,Torus
0586d20e-3db0-49d3-bb0e-b0025b012a34,Cube
19c21160-e951-4cda-bbbe-d3e709110721,Sphere
16e5a1bb-aed2-4b35-b7c9-343096fd8f1c,Cylinder
08b20cc7-c81a-4690-877a-d6fba07af970,Cube
1941cb39-78eb-41b0-8941-97d2b944911f,Cube
08e473ee-6b3e-48ca-a802-2c85fd284415,Sphere
071c7c20-4ab2-441d-bc67-c07e6b1ccf94,Torus
31e281e9-0594-472b-b108-f497a6d16d13,Cone
2edf50a6-3757-433c-b45d-bf0ce3495de2,Cylinder
220bebcc-902b-4b1b-b76b-c5923b7350c7,Cone
2dff265e-b6db-443f-a3e8-4d3256c2f255,Cube
1535f462-57bb-44d9-a1c3-95c122ae02d4,Cone
1122f808-2009-4fbf-9ea8-6588452bf081,Torus
02255c2d-4b2d-4591-a5ef-3458f4c0881e,Cylinder
1c883395-6a7a-4d8f-96c2-4f6e13e547e6,Torus
20e0bc45-9563-4e5a-8e83-59223be01377,Sphere
29616e1a-b4d1-4427-80d9-13dee352544f,Sphere
328eb50c-7ab4-4737-9015-eda82d5f2727,Sphere
2503438f-bbb1-454c-b9f0-9ba11d6a91a7,Torus
0f70dde0-842b-4b4b-9e95-2aae1164fcfd,Sphere
1d6d1745-f925-4a1d-9858-75a8a4c06e47,Cone
18839169-f191-4397-85da-d3cf5cf877e0,Torus
2548d05f-694b-4fb4-8bb4-221db09494c5,Cone
34199fc7-17cd-4637-b1c3-08918820b8ab,Cone
122b5606-4fea-45dc-9dd6-9a51a755fd81,Cylinder
14ece086-3e46-42d5-a46a-fe93fa20d900,Sphere
1a3cd4d1-92bd-4031-82fa-8bd3fd1fbdc4,Torus
2178bfa7-1fbd-4bff-aac2-2d26f33889ab,Cylinder
0d31327a-3770-40be-b38e-8cd1cba977ee,Cube
04758a0c-e7bf-4993-a2b4-46271487f119,Cylinder
31deb995-9997-4fd4-bd9e-c2b6e1ce4970,Torus
068958a3-687b-4205-b365-1e5bf7bb595b,Sphere
10173190-f36d-43d7-970b-d2dc8bf5c8af,Cube
09a79983-f844-4265-9207-2618942b7498,Cone
176676ed-a851-4e7d-9731-afbad4933712,Cone
034184e7-cda4-4e61-a190-d5949dc6db61,Cylinder
2aba4b52-38a7-4c63-9006-3411373e6aa7,Torus
224e84cc-0da0-4ea3-84ed-3f42f6be3cb7,Cylinder
0428c4c6-b029-40f0-83eb-7a12ac40c0a4,Sphere
2a1f653e-125d-4fdc-8025-0fa48772eed1,Cone
2a9135d8-6d1a-4dfb-8466-027e8d41d7b0,Cone
2ccdb973-d425-4289-bf8c-453d86bb5fe9,Sphere
16b66688-d206-4bf5-aae4-53b49b0b7932,Cone
20665dde-794b-42de-b2fa-db6e8f294083,Cylinder
186b6eb5-de16-4914-be09-4884d127a188,Cone
07e3285e-d023-4ff8-a359-adf76d5dddc9,Cylinder
33f9232c-2048-4c09-9799-b562e695f9e9,Cube
1746dbef-3cf5-4fe6-b609-123e036af810,Cylinder
1642fbaa-c21a-4a1f-b49a-f03d41bcc3ad,Sphere
2291bb47-00bd-42fe-8a04-2768f842bcd0,Torus
339a0503-ba7f-4d74-8f13-e4e5e255e623,Torus
111e9c19-0bb6-450a-be6a-1656772e750e,Torus
11f52cde-e589-42d3-bfe0-8df549bc2255,Sphere
217ba984-83c3-42ba-abf8-7c860eda8562,Cone
31bf58bc-3fb2-4a84-8b29-067ccaefa5d1,Cube
35dda65c-a4a6-4b19-af9e-9c55ea599a6a,Torus
1f97b711-31c0-49a2-be6a-81024a604605,Sphere
11574fa8-2abb-4ced-b93b-1d6cd465518f,Cylinder
1cd9e23e-6642-4e98-b56e-eca8506d0e6e,Torus
289b0f36-842a-48ce-88c0-5a31a4b6580f,Torus
059f4e65-f49f-43a9-8c2a-3af9fb8c9b51,Sphere
0a0a0180-9fc9-4260-b567-09e2257fdc0c,Sphere
2bc06361-a79e-4e56-bc5e-3119e43dcad8,Cone
29226c46-c4bc-46a4-8daa-8d45870aa859,Cone
220ff25d-198e-4bfd-81df-83e21f028cd6,Sphere
2c0bc786-3f09-4b7b-8b03-019ae4771486,Cone
1956b8e4-0c45-4002-b458-e080f7dcc1e5,Sphere
1502a28d-d4a0-4c3f-861c-064551a485aa,Sphere
223aaa2e-3c23-446d-813b-3e3095fd1a18,Cone
1cd51d81-268b-4f21-9511-30b164384c9b,Torus
305a70f4-ae23-4b87-b7bd-e51460505387,Torus
02d813de-e06a-4334-8b75-6a0a6ee8791b,Cube
24d491fa-5459-40eb-8137-d6ac184c5ec0,Torus
117bc5f2-ab19-473e-9845-cbaa39342f10,Torus
08633d5a-caf0-4642-9b26-42168ae60574,Torus
14e3dd7d-d3a0-4d8f-8ed8-79a2d7a607e2,Cube
0f187a56-84a5-42db-9950-6edf3931ae14,Cylinder
16296cc1-e16a-4116-ad69-c63de97ae7d3,Torus
06fb2be1-5aa3-4ad6-bc58-f2db31f5f344,Cone
17dc2121-dbe3-4231-95aa-0d412cb4445e,Torus
2ebc8e7b-56b4-4035-964c-2b508a052ae6,Cone
1c7b2861-45f8-467e-bf6d-083d5ad5bf8d,Cube
149f402f-714d-4625-83fd-9db6faab400c,Cylinder
1ef6a4eb-648b-455d-be83-c6dac03af3ae,Torus
35496b12-6a23-478e-b237-c984cd585893,Cone
30e44e81-f7e2-46b1-afeb-3301111e5ccf,Torus
25ea62eb-c533-48f6-be7d-6a08e3a2cc38,Torus
162de64c-df6d-4423-b25f-3e83a8fca88a,Sphere
30229f98-bbf3-4ee9-88fa-6b8773e463cb,Sphere
06f2bd28-e80e-4d85-bada-9475e27f25ca,Sphere
123fafab-b8f8-4c8e-9c44-12d387468ecc,Sphere
14d861be-e677-40a3-b39d-172c0c066986,Cube
056fb1f0-1adb-498d-af13-08ba6b08657d,Torus
20b2fa55-47c7-40d9-b771-a33b12f74708,Cone
0318ee9c-e4e0-4ad7-919d-c0768714c75e,Sphere
055b562a-65b6-456d-bf3d-cce915f5a720,Cube
1120b1fe-6a55-4488-a339-e10f52613189,Cylinder
3574e8e6-411a-4524-b3a7-b1be40e0ac19,Torus
2c88daca-1063-4c0b-a96d-e7c73864fa97,Torus
07ff1e6a-c269-4170-9834-fcef1e0eb746,Cube
2683eb22-1630-4f17-b08d-7a505052a129,Cone
19883896-9650-427a-8f75-907bf84b162d,Sphere
02dacda3-f784-4cea-8336-866ed1a1c735,Sphere
25331ffe-16a6-439b-a025-0f3295a1a3be,Cylinder
0282038f-3405-491e-9c75-2dec7c82c0d9,Cone
35905aa7-6186-49e8-a491-720f45ee50ad,Cylinder
21b7ded4-1897-43f1-a743-da8655f12b77,Cube
0baa73aa-fb87-40a8-8745-43f732e8e3dc,Cube
328389b9-5119-4b9e-8ab9-a4fca71ecb77,Cylinder
2c8612d2-2276-4765-aa05-8095a904e8c4,Cone
224647b0-4091-4864-9361-4b999d43e3fd,Sphere
35c355d1-acbd-482d-ba2c-1d460e4c94a0,Cylinder
1f7d58d6-89c9-4233-a04c-04d922e58944,Sphere
32e8e410-6167-4606-96e6-b220643e746e,Torus
318dd92e-80ae-4271-863e-840c7869a855,Cube
2966f139-83b9-4542-a244-432360124c07,Cube
24e6302e-f80d-461a-bb9a-625719973a3e,Sphere
12ccc1e8-d02e-42be-8368-6240254ad55a,Sphere
038df640-ea7c-43c4-ad00-b1750a03d569,Cone
1ea62078-e8a9-45ae-a6e8-af566442daf4,Cylinder
2999fdd5-b2e7-48a5-81b7-5d8e2da06574,Cylinder
1407ce55-27c1-4516-8a4f-c0297444edf7,Cube
1bb201cc-9795-40fe-944f-c28e59c55b4b,Sphere
0cc0f2f7-b1df-47fd-8500-3de6355e0825,Sphere
3074408b-7763-425c-85ae-66ddf71b415d,Cube
22e94b4a-2642-4ce2-820c-af0bfee5fb55,Cylinder
01a23cf4-f433-4d3a-8b12-4c93194f77ef,Torus
1a6c2fd9-5f1f-4bb9-b3e4-0f94068b3302,Sphere
0647a4d8-4739-4841-9d1a-61740c886daa,Torus
2bb4996f-b516-4890-a148-c73e7b00fce7,Torus
025bd41c-9caf-4ad5-b22b-c18c7e19b13b,Sphere
2ba43727-e925-4cb4-812e-6189aa4acc6f,Torus
2d274be1-02ff-4ea8-a45d-73a3403da64c,Sphere
2763fb28-cf19-493e-be70-953305202992,Cylinder
09494026-6b1a-4cc2-b9eb-26363be84a91,Cube
26f9d0b3-1953-4553-8018-0f2f6ca280ad,Cone
1b7c2a09-80b4-4694-9935-9c2c3991b569,Sphere
01232e27-92f4-41cf-99dc-183a6cdfd89a,Cube
0b065b5e-e986-4fc4-8865-8331c8791005,Cylinder
00aacb42-e61d-4715-8fd7-01d276dce7c2,Cone
0892480f-e34c-4364-ba4a-3c9f07123e0d,Cone
26750387-2c63-4dac-b659-8d5a9a8db1a6,Torus
01081698-e9ee-40a2-aee6-5cfc85466d08,Torus
2d959252-115a-4333-a2b6-8dbe1a931555,Cube
17301d93-2a92-4387-82a1-72041bafa116,Torus
17637382-ec51-4249-865a-23ba34889f3f,Torus
06aaade1-de2b-4736-ad37-db12a4b1e851,Cone
035ef8f2-e019-4058-9d94-56350252a013,Cube
0f195370-776d-438e-89a4-9a2ed5f7d434,Cone
2c14632d-d3c3-4e04-8f54-009e8ab36e40,Torus
28d638e0-0446-4c5d-aff6-5796e7f7f265,Torus
0277e9ff-1e5e-4184-b876-ff2c9ef6dbf9,Cone
328e79f7-a4dd-4516-83fb-b7d0b99a1f87,Cube
0927d8b7-9900-4eae-99c7-0ad12a08f4ee,Cube
1279e896-f887-418b-8f8d-3f30b87248a8,Torus
22c4c509-04f9-4c0c-b1e1-fdf74233340a,Cylinder
33a8cd97-1068-43dd-9885-267a7096e5ba,Cube
1527b047-835a-438d-b191-0fbdf55824a3,Cone
1ccfb53c-9bf6-455f-87c5-3c0155dc6d47,Cylinder
2039b446-a596-4bcd-80c9-f7a2b34dedb0,Cube
304d323f-e2b6-44ba-8358-fe6f53ab3d58,Cone
2860ce67-0cb2-44b1-ad8a-cda1b9681f83,Cube
091002d2-1fdc-4b87-94e1-fe01cbd5d381,Sphere
1a1ad143-de2d-4fe3-8efa-2bde2e13ff82,Cylinder
142bb89d-0ee0-48c6-92b3-a26d6414523c,Sphere
330ddfff-c5c9-4cde-83aa-13d400081a61,Sphere
1decc7d0-caad-4395-a234-f68ab6598be2,Sphere
2ad4dc4c-be20-4c64-8d8b-0a7702e25f33,Cylinder
21131a9d-6527-4f8c-8fb6-5399140f47fb,Cone
0824d588-aefc-4e7c-ae24-5fc40ef8c674,Cone
0f8e1f44-9297-4777-9748-fbe4e41bb691,Torus
0b2018f5-4e91-4649-9d56-78fe1d14f87f,Torus
0a9ae773-d14a-4118-be6e-3060b7c70607,Cube
2173b015-34e7-41b6-8577-b6dfe2f296fb,Sphere
0caee178-9359-4283-bce2-d1d6d909d464,Cube
292ae253-138a-44eb-abdf-ffead9f0b0f8,Cylinder
20af0074-6335-4308-8328-24fecc3cfe03,Cylinder
09980d79-f2d4-4d70-8aa6-f3fb3e9f81e2,Cone
06f44939-2f74-4860-bd1d-9c8274bc0254,Cube
1e4919ce-6e23-4546-bf6f-924c9031edfe,Cone
06818c15-b7d8-419f-81ad-38b76b854527,Cone
032586c4-e171-42a8-8930-7f6ff6f3ad5d,Cube
32c7ea48-2a2e-4401-8632-4fbd8af8f8f7,Cube
28b288bd-c627-49ca-9812-e155d6449df4,Cylinder
153dda32-ca8f-49e3-8d13-d100d9b64919,Sphere
00d53247-8ea0-41fb-a4ab-933ba3472cbf,Sphere
1b9132ca-c177-4c94-804d-3701b32336f8,Cube
0098aaec-2fd0-468c-ba74-3c0d6864587e,Sphere
067848e8-a295-4132-91f3-afd32a578b53,Cube
2dbe6dc3-3a78-42d6-809c-505164a7e0de,Sphere
148b49d9-565e-4368-a682-b6911affc411,Cube
0b51fd36-6f71-4668-9778-631f1710a5a4,Sphere
289e1699-6821-4727-92a1-26ddd1451ece,Cube
2d210b27-19c2-4cd2-b9d3-e2402a176c82,Torus
0d8bb608-21d1-45e9-bb58-467263064ff7,Sphere
0d69904a-a9e3-4671-9427-88c65d1afa6a,Cone
042ada41-7798-4a33-bb8b-d7b06bd47e65,Cube
046611ea-bd95-4a1d-9fef-6df9599f2a7d,Torus
33941490-af80-480c-9922-c934ee884944,Cone
0d7468e4-aa07-4b80-9ba0-55f3e3227549,Cube
2ec5bdbe-9c64-418b-8af8-13fb73e255cf,Cylinder
00720933-415c-4e00-b5e3-bea689f865ff,Cylinder
034f4272-1aa5-4cc0-a65d-9eb678419fdb,Sphere
021596f3-f40f-46cf-a319-cf83ed30f09c,Sphere
1bee67a0-96ae-4f02-987d-78fc0df796ab,Sphere
246a1a24-f49a-4c37-bae0-2f4d96debeb2,Cone
1db203b0-4b81-4d33-b177-98f072bc5e30,Cylinder
35681059-9f61-48c9-8629-656349891c6f,Sphere
1b9dc537-6fac-458c-8879-91617b917c9c,Cube
201c1bd8-f635-4c47-b7fd-8132215529fc,Cylinder
1d082d5e-2e62-4157-9548-d7f79ff639d4,Cone
1f5e9668-f7ff-42c0-942b-86e2990e0683,Torus
26d2e42e-5290-4f54-b9a6-c67b339c2742,Cylinder
2ff7d0ca-09b5-4674-a938-125298ef19fe,Sphere
2ca6d32d-a58c-48f2-baa2-863eac3228a7,Cone
0a5857e5-74b8-4168-996f-4b13cab55794,Cone
1c305614-5ab7-4102-8c61-5cfc6dd33b71,Cylinder
24e52ce9-7b43-4a30-b7b6-da04deb39f8b,Cylinder
2032a6bc-3396-429b-b4c1-3074e508d0b3,Sphere
0b72c5a6-58e4-48ed-aafc-082186b23a8e,Torus
11e896bb-bd6d-4916-98bf-fa43ddf55731,Cylinder
07222bf0-c9fd-4430-b109-3d8cfac326b7,Cube
3490bf12-fde6-4fed-ab61-e32e07800358,Torus
0c4c3882-6535-4481-8435-ab9b09ce350a,Torus
2d7c5ecc-54ac-498c-99b0-6b80d52ee9b2,Cube
0a262100-b247-4ba2-ac7d-22242cd7f5a7,Sphere
0a25dc40-4f23-4b51-8129-2e151988c471,Torus
19dd04fc-9809-40f9-9e5c-ac80770c8db5,Torus
03738bbd-cdb2-4135-9e10-56b502f7b3cf,Torus
05090101-5dd0-43a4-8104-8ecf26d44a63,Cylinder
21c53c29-39ed-4cf3-a143-828eebae0224,Cube
01e910a9-6640-4dde-a2b7-f31971bc4491,Cube
1bb7a1c1-bfa2-4cc6-a7bf-c102be0d82b6,Torus
0589d99a-fd0c-4ce5-bb1e-282d9e275d72,Sphere
310904f8-725e-4f29-b64f-6822412346ae,Torus
0895511f-a0a6-4150-bf6f-abece9b0358a,Cylinder
05f9ced3-7a50-4765-8433-97cf55551eb5,Cylinder
146f7c9a-50bb-4a86-acd8-e28251483ae2,Cone
21794a5a-bc4b-4d0b-b934-b1b62cd345fa,Torus
1c7efe15-0955-4fe5-a074-3baa8a49abf7,Cube
16f298b8-9f52-46e6-8260-305e42d03357,Torus
1ff5f1d1-23a5-400d-88ab-ccc244dc5a55,Sphere
223a96b0-6095-411c-8ff5-62dc3833b6f8,Cube
1174140f-ae65-4fcf-bbcd-2ced9685e20c,Cube
265383fb-d221-4115-a5d5-f376e9d1123e,Cone
17f25bda-a0d0-46aa-be39-d117596c791f,Cone
060748af-49c5-4f33-bf32-0f8fe2576716,Cylinder
27222833-cc5c-4f3a-8078-cdbb7a906a4b,Cone
0a0de34b-2ca3-48d7-900e-a873afb31286,Cone
2529c289-9a26-4c49-9fa1-ca919cf8e5ed,Cylinder
2d310307-0fb8-432b-ba71-c8e70a392e52,Torus
29df8eab-59ee-4c81-90bb-d62087eea760,Cube
0b563d7a-ffe6-4e95-8f78-09f5555efcb2,Cone
146069c7-14bc-4a12-a18e-2fa6fa247511,Cone
31667c4e-7e07-4e4d-8746-7344c7746cee,Cylinder
20e0d3bf-77da-47ee-80f8-f85376060355,Cone
0c2b0e98-b938-414d-8215-139d8abb839f,Sphere
28df2144-222c-4e21-8335-09b53b2d6170,Cylinder
29d40bdc-7090-481b-915c-b9a40876066d,Cube
2c38df05-05d5-42a6-b5b5-2469b038b270,Cylinder
2739193b-cc13-4c38-842c-56575f1a9a81,Cone
21c8daec-b87b-43e3-92cb-dfa0ca7073df,Cube
355061f0-347f-4795-b141-fa7b2fac67fa,Cone
00bdddfe-bdfb-451b-af90-17a0b902c40e,Torus
27ae14f0-522c-4e0b-b9fe-a46b94cfd30a,Sphere
06044d95-deda-4a2e-a791-312f45361bbe,Cone
35bd3cb0-71a7-4cff-8772-a46ade646ea1,Torus
11422e15-45a1-47ee-8af6-019163901623,Cylinder
13c54375-d6e6-47a7-a701-ccdaa58b103c,Cube
2ffb3274-8dfd-4fbe-9b32-b403aac46f98,Cylinder
34275b01-111f-42a6-bdcb-72533fa5e4f5,Cylinder
2f297332-1e7d-4e20-85e8-c4bc61264e96,Cube
095e8d44-a0ea-4df8-93be-d1629bb2503b,Cylinder
2986dd9f-db43-4739-922d-00cf9e1bf53e,Cube
254cae6e-8888-46de-9ea8-14c3051a8ae9,Cube
05b46eee-8f11-4b21-972d-8c482d55f02e,Cube
0b82e931-8226-49c2-9461-8ac1d8636f23,Cube
27653b94-914a-4675-b879-a05172c716a6,Cube
31dd78f7-4aa8-4ec0-ae58-80c9da5a4e11,Cube
2d4a7025-8b8e-432a-916c-513ba7bdb9e4,Cube
1c96db1b-b02c-4cca-ac3a-96490eebcecf,Sphere
03744be9-f3bb-4a10-a2f4-c96c4f3bf1fa,Sphere
287a84d6-59f0-460b-baef-fa11a64ca2dc,Cone
22c07265-2a62-403f-85a3-86d422208246,Sphere
18cbc027-15bf-41ae-a54f-ac5701e83f9b,Cube
0a543924-f463-46f3-9731-53c58e113333,Cone
0ee58696-e8b2-482e-8c39-8b68d534c19d,Sphere
35942a65-6d93-45e2-9c43-052a20d37305,Cube
0068d813-695b-411a-b278-491dd90dbe8a,Cone
1571716c-d884-4599-a01c-cb65049bd0dd,Torus
0685ecfd-f6b9-4db7-9a33-52716b34ae3b,Cube
15346eb8-9498-40cf-8791-9b0e33970e3e,Sphere
0b16336e-b86d-43a5-a4a8-81c30c576988,Torus
22d92d55-1ce0-4891-a046-ae6e6f784fe4,Sphere
01776c45-dd23-4da8-86a3-801e0dc34b4e,Cylinder
11d29a32-f78a-44ae-8f77-f5552b76a639,Sphere
1d6d7f64-6ae8-4862-8daf-d7f843fc1e20,Torus
0731f5be-15b3-46c0-9245-1f9dc45fc0b4,Cylinder
19a58fea-5ac3-44e7-8b7e-0bb74f025817,Torus
28b37209-d273-48bc-82b7-2f71fa9babc4,Torus
21b0fe19-1bd1-4c1c-bbae-c3b39b36cf82,Cube
2f390cb2-b824-48db-a6e2-f6ec38c1010a,Torus
006d0e3f-b2f8-41be-b061-5ab7527e3782,Sphere
2622616b-3886-4fd8-9314-98c7fbfeccc4,Sphere
1808ec22-58f8-4764-8393-2e1f7172785b,Torus
2d765131-727b-4cb9-b4f6-6a0dddc02e3a,Cone
31e0b274-470c-4744-87cb-fde50189ee58,Cone
1ce26043-0263-4688-9309-f8c3d0c5afcb,Cube
1114d38c-dd43-4b6e-9a73-f925383cf90a,Sphere
2cac6451-d741-41e2-bbe9-6e59053d3ff1,Torus
14f164d8-086b-4550-b72b-99c406568789,Cylinder
2635e2c5-fc94-4ddc-be98-ed5d54b0e219,Cube
0ad3c288-bc74-4bb9-b7a7-a671c9072cf4,Sphere
013249c1-a73c-4f97-bf8b-6fc16ff61a67,Cylinder
31933692-c72c-42cd-86c9-596f2aba507c,Cube
1fccd07a-0faa-43f4-a517-af952648e282,Cylinder
0b79b8ce-91b3-426e-a585-d29caed57b55,Cube
2fdb43d8-044d-4913-94e5-866d52e130da,Sphere
19cb18de-1089-490d-8969-71008167506f,Cone
1f5060ce-8449-48c3-b2d2-375821d76f4f,Cube
34ff10f4-a169-43a8-82cb-97f30b8f5a83,Torus
13c67ce8-c767-408f-8f43-fdb1b33fbee2,Cube
2130ad52-6d71-4674-a28c-8d87b867267d,Cylinder
1a46f5b8-65a3-47e5-95c2-7bb399a77c53,Torus
2a1e112f-2fa7-4287-91f1-aacab0ae31fb,Cone
2e10376b-0687-4c6d-a248-106a3d3768e6,Torus
274301ce-9444-4bdc-b180-dc268b9b2b4b,Cube
1da63aea-471b-44f8-8532-7f0f60cd3279,Cube
3356db66-8202-4112-8fa9-ce6d98020156,Cylinder
32826dbc-4e79-4581-83a5-0231f8d15055,Torus
118921b3-0915-4c9d-827c-242e7cbbdc40,Cone
239cf9a2-1aa0-450b-a0c3-bdf9dcba8e58,Sphere
27b78ecf-9388-40bb-8ee4-45b97b96e164,Cube
04841142-3578-4242-9d6d-a746ea9349f1,Torus
12e1ea2f-7ed4-4044-ab18-9ce24926a33a,Sphere
2de55b74-1d0d-44c3-b6cc-51068db8e2fa,Sphere
2e7bc3a0-c562-45d6-8c97-d32a24a1a181,Torus
17e2385b-ec05-47ec-a7fb-508ed7e8c98f,Cylinder
09d23942-1b7c-404a-bc98-c68f8eae90cb,Sphere
0b04e59e-caaf-4ade-a69b-2b6e7aa24d68,Cylinder
1dcec294-411b-43ff-9cd7-25e397673731,Sphere
00dea767-0cce-47a9-862a-8b6aa1a39ca0,Cube
3159098e-cb99-4362-9969-54813575f135,Cube
345e4657-256d-4585-a362-358f35d66133,Torus
00edf136-428d-4e4d-8618-6485cd27ab16,Cone
16baa32c-0d2f-4b33-8449-588978368280,Cube
243351c4-eecc-46d3-a549-d9b30be5562e,Cylinder
094b025f-b2a7-4373-be65-6e6bf8d91da2,Cube
0c46dd10-e65b-40e7-b367-5d8478b4775b,Cone
18aff941-68b5-4c18-bafd-914c6edd5a2e,Cone
00a855e7-9278-42ba-ac4f-106a35dec5f7,Sphere
1e86ba09-b6b7-498d-8c36-1e20c97c706e,Sphere
16a70833-88cf-4251-847d-25d80f8c0b83,Cube
15568848-acc2-4294-b2cd-d30e5c7d9405,Cube
2ce2c559-d0f5-46d1-be72-562055901fb6,Cone
0f02b12f-b298-434d-a4ed-a5afef8fc23c,Cone
1a9b4275-9c57-4cbc-80bf-3930f8449344,Cube
2a39dacc-f64f-4f80-8f16-075aad47633a,Cone
29c025bd-8727-430d-b556-0cc743008e20,Torus
2f06afd9-df5f-4f5a-a836-acae3ff138c1,Cube
160cc5ac-563d-4a6d-9cd7-354c35c59a21,Sphere
31c925c6-88d7-4093-bf7f-09294ee5f775,Cube
062ac4b2-76f6-4036-a0c1-6245bf3d5729,Sphere
1ab325dc-6895-4a6c-aedd-06d0df93d1c6,Sphere
3215f552-c287-4618-a885-157715128e60,Torus
23d91495-19bc-4385-b14b-644b53ce02eb,Cone
0fc5301a-e2a6-403c-a6b8-5d2fef368019,Sphere
01593aae-13b2-4132-9c77-8506f848353a,Torus
0a2fc4fa-0838-4e6c-8a0d-131e19f05544,Cube
0426ecac-1181-421e-bd64-40e2a0d03dff,Sphere
0837daa6-cbaa-40c8-9790-37e745671836,Cylinder
1a56a538-17bf-4bdc-8f2b-a7c09b7d681b,Torus
331fd765-5d46-471d-8823-b0d68a8a014d,Cube
0794e9cc-3d59-47f3-9cbd-eff6a0a3940a,Cylinder
1a9bc0da-fb31-4276-89f1-a5b3da4c29b2,Cone
16249dd7-3b4e-4037-877d-0bc6f708a74f,Torus
11124e67-842b-474d-95fd-8dcb4d06121c,Sphere
09f7dbc8-f546-4f09-af79-558f5902b034,Cone
2653fede-c782-4872-a181-43d6d33957e2,Torus
1ea46c5e-b813-4a25-be4b-bf3577950578,Torus
13f60314-c5fa-4133-b614-e5f90a1dcd2a,Sphere
1131a9fe-e337-461f-93f0-807bbf8241da,Cube
176278fd-87aa-4afd-86d3-dbcce595e84f,Cube
04216d9c-ade2-43c1-89a6-12e641d6fa08,Torus
10c6313d-d88f-4e81-ae6e-46ca36df8e60,Sphere
19db7af4-e74d-4059-82d2-702adf39ceb5,Cylinder
29bfe9a1-dca9-4c0f-bf61-8bd6f0b293d0,Sphere
03451a65-4cdb-4c41-82ee-643ace39c9e8,Cone
2be683ce-e1e1-4f31-8086-9149731d5c91,Cone
0a2279d3-b052-492b-a8ac-55e96d4cce87,Cone
291e32ce-454d-41d2-91a9-c9cef0cb86f3,Sphere
34cc0b1e-0581-4c3e-98ee-f2750d8b235b,Cone
16207971-34d1-43b7-90ce-618462c73c84,Cylinder
2303c2e5-a8ca-45f3-9cfe-cfba941c1ac9,Torus
123eeecd-2304-424a-954a-435bf4970500,Torus
18e2a109-4ffd-4ebc-b4b5-40d86640c309,Torus
010dff26-674f-4675-87df-74c5116f55ca,Cylinder
219e52c9-3a45-4d22-a14c-89ecba0217ea,Torus
0b272781-4a2c-4c3f-8764-dd5ba7f2a0e5,Cone
1f896304-b62e-4413-abc2-b677f20040d7,Cylinder
25879c76-212c-45dd-b224-44fd4f1262ac,Sphere
01515248-82f9-419e-b317-ffa226d3bb7f,Cube
023493fe-e853-4c2e-9e4c-7dd1a03f7f17,Cylinder
1902bd74-7e14-413a-99f1-8cdbf22e7f81,Cylinder
00be8326-1708-49f4-8373-aaa16f28216c,Cylinder
25367c61-89b3-4c91-a8c0-5cb055a09aac,Torus
24512ecd-92af-4851-b42c-5b8f5d5e7e0e,Sphere
061cf064-8921-4507-a6c1-f230fcb11407,Torus
260f1559-1db2-49c7-917c-693f71d4f16b,Cylinder
10c0da11-b744-4304-a95b-ad104888c02f,Sphere
1eb8e2ec-1699-4541-ac0e-249adfd8b669,Cone
05745bf8-77b8-4bc7-b3b7-c3a570667023,Sphere
35e624fe-45e7-4539-aa32-e0f7f25f506a,Cube
0d11b81b-9f30-421d-aaa9-5cc2b770e3be,Torus
24511ec9-63f8-4c14-ab7e-39ad15867102,Torus
35631f1c-805c-4ecc-9dfa-f1dce64e0af8,Cone
1502b982-3612-42ba-8b69-1e1baf088090,Cylinder
159e4b81-ef48-4b09-8486-a18e9ddd736c,Torus
33c39b2e-6e21-4bfa-83f3-f79673bfde1b,Cone
29cc1610-692b-4c58-80d9-6db9a51a9d27,Cylinder
107ddd5d-da5a-44e1-93fa-996f4f465f0a,Cone
21ae1b6b-fb70-42b9-beff-7de5217ff0fa,Cube
1dcc4e7c-6876-46f8-9596-1cfecb8399ed,Torus
286a5ef0-83d4-410e-9086-59dce9987498,Cylinder
089fed40-5691-4905-bc26-19d07d4f4c67,Torus
211282bc-ac16-4a1f-9d07-a20b20a4eb6f,Torus
2d7e89bd-c634-44bc-93ea-ee7c74ea5b0b,Cylinder
2f9d135f-957c-4a1a-8e41-65d8c6e9097b,Sphere
0875c20f-eaac-4bcc-9612-6278d1d8dedc,Cylinder
3367d41e-806c-4aba-b82e-0597cd750443,Sphere
08dec1c1-da98-4c73-87de-74d06c233555,Cylinder
1a91ad77-9a04-46b4-9408-3037d741ec11,Cylinder
1b21023f-c8ec-4970-8d82-348cf36bb051,Cone
1da1d8dc-0813-47f7-b437-be586c14ac95,Cylinder
0157f3b1-06a0-4425-8641-ee469a490430,Sphere
04912bc6-1f02-4383-8522-9f3d19721999,Cone
1227bde7-dae7-4cb5-958d-c5d3e4f57bae,Torus
290502c2-7b95-4fc3-9ab6-c670adc8a762,Cone
08340b55-7cb4-4989-98e0-c33f13f50755,Cylinder
220d4bfa-09e1-475a-9cfd-d42670a2179d,Cube
121bb353-3af9-4872-9c64-b74fa38cc92e,Sphere
0d7db2f8-7491-45a9-b57f-851a95a2cd0b,Torus
2706ef74-87d2-4a60-b5fa-5b0bc0840927,Cylinder
04758b54-80b4-4550-8954-82cf66e9d354,Cylinder
08c3519a-5391-44b1-9cb6-36397c9eeee6,Cube
2371406e-3a0a-4465-94c8-5bf323be4c74,Cube
1995c911-26e7-4e74-aec0-f813ce815456,Cube
072f9175-528f-4e45-80d9-192e0690f6e8,Sphere
19c73cdb-329a-40db-a0a5-58914601db0d,Cube
2b48ee6f-bb9f-495d-906c-a4e9d99107c3,Cube
25daa89f-07b2-4148-9a77-d158f6231536,Cube
16921f31-1998-4d9b-ad25-6c9f6a76e5f0,Cone
2a5ba3a3-f294-4231-9e73-368a0b63e3d9,Cone
21ff8999-6c0c-4652-9a1e-8e3b8edecfb4,Cone
26944b84-87b1-4982-a193-4938e27557a6,Cone
142638fb-060d-4c9c-b57a-eb6c75155e03,Cone
17816ed9-945f-47e5-84c8-e844d6875c64,Cube
055135a9-955f-4c26-829c-9ba096fe5775,Sphere
2c462804-32e6-4fa2-b45b-1b7ec2854e61,Torus
2949b650-0755-4ead-8f39-8c3d74432a9e,Sphere
0b5eda7c-bb56-4743-a325-e4394c2ae8b8,Sphere
1635f5a5-a186-48cf-b84f-c7d7e2eaba12,Sphere
0199cbd2-66a1-4b2c-8fad-142bc20a0996,Cylinder
0b595de4-7012-41f5-81e2-bd317ebbe2c7,Torus
11fea9a2-8194-4f40-9e90-772fa0918bcc,Cylinder
2bb191ad-8596-409b-b05e-478f097250ee,Sphere
038658d9-dd86-4737-bb36-6d3c94044333,Sphere
3270f620-1e58-4d9b-9c89-056b6292ec49,Cylinder
01af5173-d294-4e4c-a23d-8db05f0cb712,Torus
29d0b3be-d5ef-4aac-8683-1f4581c51b3c,Cone
2cf17161-a739-4286-bdae-8245be907140,Cube
359aef64-3e66-4f8f-b530-4e79c87d8b71,Cube
0e6addeb-833a-46a3-83f5-f54069161c41,Torus
1ad994ce-d8f6-4460-abf4-514f05b58ef6,Sphere
26975a9c-837d-4d05-8917-a62e1caeda1f,Cube
1ed2d72e-a0b4-4451-95aa-7a6bc5d30926,Cube
012c18f4-6c3a-4a73-affb-a8d5ca6f1ce0,Cone
0c0d2363-31c7-48c4-9249-9a67cd9d404a,Cylinder
1a3a62c6-f8e9-4a1c-b955-8530182a632c,Cube
02d12067-35c3-4e8b-a2d4-c76205ad9fe0,Torus
31cf3608-76be-406a-9008-b586be951068,Cone
292e2b7c-b57c-411c-83d9-e13124c7de46,Cube
00f6881a-30e4-489f-bfc9-a586eb11eee6,Cone
2a6e7a8a-bfe2-477f-a2d2-eed3c3f9c21d,Cylinder
11f5bc67-c950-4a74-8857-8b2e9d0a41ec,Cube
06f46120-4cc1-4960-8b65-7551f6c63d0c,Cone
24ebdea8-f0bb-4560-8d77-748d48764c19,Sphere
0b7b1f8a-52f9-4905-a940-13343a50b968,Cylinder
16a47718-63e3-46c2-a90e-f654d45ccbaa,Sphere
0541b261-2354-45bf-b0d6-9f8dfdc80ec7,Cone
16a873d9-bd19-4aed-bc78-d82a15f0a8b1,Cone
1406f4e0-c0f7-4430-a7fa-fc82dbb33aaf,Torus
2ad2ea0c-56f0-4388-84a0-bdd13c26034f,Torus
10043e49-3d0a-43f2-931d-e3f297e38e1b,Cube
09e97219-8c4c-408d-8431-7a7e691dac45,Torus
18e3385f-d65b-47fd-a06c-ba1d4ce8ebf1,Cylinder
2be0e57e-17ed-41ba-ae79-e3a8464aa1a0,Cylinder
0c298059-fbc9-44f4-a267-ae77d1c702b2,Cylinder
1d7d8a03-ee3d-4881-97b3-b4a63757e2e7,Cube
27614138-e04a-435d-9780-4ed02a478f72,Cube
200feda5-de37-41b3-bc79-47a82d8608e6,Cube
1d368f15-7afb-49d2-b858-51e8f4ae494c,Torus
1e5b86c4-2910-4dfd-b2ea-b965dc004623,Cylinder
1e705457-252e-4c93-bba0-4333c1be3db9,Sphere
04fe690c-beec-43a5-af20-3d70d175a8d4,Torus
173478d1-db41-4b79-9ebe-06c88daedad0,Torus
10c7795e-5fae-45c6-93ca-f145f315d21a,Cube
0541e0b3-5604-4990-b9eb-503f730474a6,Cube
2f793cf0-0a18-4333-bc7e-8d19b42d898a,Sphere
2829c945-f4c2-46b6-98fb-8dd5a65a91ca,Torus
06f135cb-b03f-4eb6-bfdb-19a34bf45ba0,Cube
131fd4cf-3c96-4f46-9497-e258e5fcefcb,Cube
2c92f611-1dc6-4472-a034-1803eabc6254,Torus
10e9fe7c-b752-4dc2-aa95-c1d7552c1f1a,Sphere
12eab854-aca4-4f5e-ad70-2834931e2adb,Cone
1bae81ce-11b6-444a-9f23-918c9164963e,Cube
030c8c30-b131-4a98-b709-9328d019370b,Cone
2312e1b5-866a-404d-92c8-674f0e5244ac,Torus
06373e00-101d-4801-80f7-a67b1ecad0e3,Sphere
1018545c-10c7-4530-bdd2-eeaea61d2273,Cube
13dc4528-6374-45df-afaf-1eddc8a8394d,Cube
01cd1ba2-6eae-4c1c-9f6e-d12576d91b17,Torus
2a2df131-19f2-4c62-8549-10dae2761ff5,Sphere
14ff815f-1bd5-4010-b80e-5c993e734ce8,Torus
132e06a7-0e48-4bc9-a5d8-f8863aa2f996,Cone
35c92ca0-f69e-46cf-92bf-2a601551160d,Cylinder
08dfe560-2438-4940-ba18-a58f13674322,Sphere
32221324-8049-4cf1-8193-ab8f783e2ad7,Cone
26d5321b-c7af-4051-be85-0d7b9c24b07c,Cone
00bfead4-556a-41da-8098-72707527f072,Cube
2a910442-5aaa-455e-8e39-464c4c0bd4cb,Sphere
2b9eb2a1-07c3-4f69-b2cf-8e1384c5417d,Cylinder
20a7b59f-06f8-48d5-8389-d49975c5aa81,Sphere
242ee6c9-45d3-45ca-af1c-ac8d329f7f52,Cone
0fb32e8e-04f5-4955-9740-898700d5afbc,Torus
2bf8e349-5da8-41cb-9525-aa8adff2eb40,Cone
1dc828ab-1be4-4042-b74a-e0c71b05a3e4,Cone
15a94383-0377-4e51-ac08-9d9cc4fb9303,Sphere
35551b12-d57d-4336-8545-f9462f76ed7d,Sphere
239cd669-b4bf-4fb5-ba35-20ecbd26a252,Cube
2fdaa4d2-16aa-444d-8d1c-be713b2cf659,Cylinder
208aa0c3-f5ea-4a11-b012-2cf5b4e74165,Sphere
02b43739-91d2-496e-8c82-1bc271b787c5,Cone
29964879-b9e8-4638-bee5-846d5c95994c,Sphere
04fdb45d-3744-48e5-84ca-b4a6761ac622,Cube
07c53f76-2af6-479a-a95d-1aef4d015bee,Sphere
0db976f7-7c70-4a91-9379-56765d3b2acc,Cone
072a5007-085a-4a4c-8ee2-e9ad93aa29fc,Cube
2b02fd00-4bca-4600-bdb4-1b1bde337d5e,Cone
1d843024-c6d0-45f6-84a7-1d0ca6ae7a67,Cone
21c21c2a-8b55-4195-8c33-24c90badce48,Cylinder
18566db7-a31c-42ae-8ca8-0518bb714a00,Torus
1a8c0f73-de1d-47a7-be61-0be2263c3c84,Cube
1884a445-64f7-44fa-af8e-de55d17275b0,Sphere
318011e6-6186-4e5d-85ef-74da2c94202d,Cylinder
358b1b22-9176-4efd-b23e-7246364866f0,Cylinder
26e3f9bf-1e42-47f3-ba19-4dc9cef2196a,Cylinder
143229a7-0e05-41d3-bdce-e01ad231b3fc,Torus
263e49f2-5f1b-4628-8fcf-5fba455ad72d,Cone
26f5c229-ee64-4505-8c57-c9d6c6fc483c,Cone
0e3d6d2d-c167-44fc-9263-7a4d6706091d,Cone
09786f4c-461d-4ead-bd62-387f1594e869,Torus
2d0cb1f8-b81b-4a0a-9cb0-cbb17a278f65,Torus
265cfc6a-fef4-454f-9b1d-e73a97abb794,Sphere
07651ef4-7ed2-42f8-9770-66460adcbe9d,Cone
0c9f1ebd-8051-47f9-aa38-5e4e71846816,Cube
328240ce-6b74-4af4-8db6-390407856467,Cube
207902e1-a51d-478c-8910-da31ef6ceaa4,Cylinder
21cc65b8-8377-4a59-8808-bc5a24e0edba,Sphere
0c7ee123-59cd-47fe-b7c9-059c1f7b09be,Cylinder
2ba2ab53-8ad5-4675-bc31-e9f4edd9d1ff,Cylinder
12f71269-8e4b-498a-8f10-5a27ff83841e,Cube
077fd9ab-96de-4e03-88d2-62fbc194e0b0,Torus
05bdf445-8282-48a6-9ba4-1d3cfd12f5b6,Cylinder
0bbcfa6c-e000-4378-bf14-767b14df23e9,Cylinder
315da223-07fd-4a65-a3ec-59b57730e190,Cylinder
0a6d469e-3b08-45a3-8b41-395a728dc119,Torus
310af839-ac32-491f-99f2-7ef1bfb480cb,Cube
09c7681f-049f-4d97-aa19-9987af7e6154,Cone
00f529e5-0959-4146-babf-8cead990386a,Cone
2a18a5ed-e148-419e-a86c-7988d5947dbf,Cube
21c02050-47ad-4ca7-b7a4-02281eec6332,Sphere
0a3aa7d1-089c-457a-801b-230619b4dcd5,Sphere
13526e1f-44aa-4522-a3c8-9a94783ec598,Torus
120b0230-9797-4464-b1ea-02c6130823cb,Cube
23aa5c44-f2b9-4a01-9d70-8dd9c0803dca,Sphere
1b0dfcbe-501a-4169-9524-3c8f9bdf5d9b,Cone
1a79652b-816d-4c38-94b3-c7e2f97713b8,Cone
08bfeafe-8387-4b9c-b91b-5db31f5b1827,Sphere
3531f0c7-a30a-4ec2-8f3c-5852e970d339,Cylinder
2690c285-5a16-4e78-9eab-a8a5d644eba2,Cube
34cb904b-e108-480d-a49a-00320c2b3b6c,Cube
35ab2fdd-b41e-4dfb-8d18-18ddddef0709,Cylinder
35bcc785-9c88-44b5-bd1e-3a0253d4675c,Sphere
07cba1a1-f97e-4cea-a94f-6e9c979e5bcd,Cone
2eb14bb2-329a-4ab8-946f-e47c53389376,Cone
19bc236f-3995-400e-874f-c5ac8d483b09,Torus
02f4d717-611d-48eb-87d6-90f6413bbe00,Cone
2411249a-1046-4d60-9851-7a9b89b01fbb,Cube
2bd6f93e-1e4c-4a52-8411-2993d4c54ed1,Cone
0a97081a-9a19-4838-bb3a-36f427dbe3b2,Sphere
2f9a89db-15d0-4a1b-aa8e-7de8488f794b,Cone
2ac6e44c-8062-4cbf-966c-17a7969c6d49,Cube
337b8d62-69a3-49bc-9978-0f0a9cb5a9fe,Torus
07ad50af-36eb-4b6c-acfe-62527509d111,Cone
18c9b6bd-c601-42ff-abf6-12ebf8534bbc,Cylinder
1a173d42-71f3-4188-be5c-0ce1dd5e6433,Cube
0c84be28-0054-4d07-a421-cb6566d204e8,Sphere
1ab67e53-1e9d-4c3b-aba0-b1c98b06cd12,Cube
1c782eb3-47e6-40cf-b0bc-c902953580cd,Cube
081a998a-ce35-4060-ade7-cdd8182939b2,Cube
267ad2a5-ae51-46b0-a740-4c487686c549,Cone
21a8a1d6-db11-49a8-b545-8e99f771e3f2,Sphere
137e7f0a-06ac-4fc9-8173-7d936a173cdb,Torus
0daf43c0-cf72-4241-b097-0fb7da0b17c0,Cube
3208960a-531d-48bd-80f5-0633c181f4f1,Sphere
0fcb082f-6a8d-4e71-bf31-ebd50e55be26,Cone
26b7138e-e3d7-4f5c-b362-4a1a6fcd9abe,Sphere
21bdf7ef-35ad-4757-b937-2eea07c30e79,Cube
0f046894-ea6f-4c62-b5b5-9dbfe24ebf43,Cone
0e19ce3a-57f7-426a-b031-b7366bf3f7cd,Sphere
35781f88-4553-4b8e-b73e-97ff59f52431,Cone
30911fb7-6c9b-47f0-8d05-4a246fa35109,Cylinder
0a7c6e0f-a3cd-4855-b6a5-ae4856b6674f,Torus
0d0c6bbc-d7b7-48a4-b6c6-3dd762233f41,Cylinder
27d37648-0e27-4c6a-baf5-80f2a471d896,Cone
319a8dd3-dc5d-4516-b3f0-06da9ddd4908,Cube
05b5bcdc-5ad2-407c-b975-66113f029257,Cone
26f0aecf-7a44-4188-9925-637d0856b4f7,Cube
30994e27-ec7b-411e-aeec-30147e20714e,Cube
1b0959cf-7dac-46d1-9dd4-cf98f53d5908,Cube
33d17da6-6d19-4a6b-878d-c637fd09292e,Sphere
0bf2fab0-e1cb-42e7-b02b-680d83bd4fa8,Cone
26e3ded5-1c53-4162-a581-8ae4c4909d2c,Torus
317308a4-f230-4e29-be6b-f39ace62ec98,Cylinder
2bac279f-c4b0-4985-8fb2-76fb0c1626de,Cube
29c1d2dd-b33b-42ee-98bf-9d3375fac815,Cube
2e17786f-0afe-41f0-be85-49eaed1a6807,Cone
1858e75e-7e50-49d4-aafa-160f66abebfe,Sphere
3576e350-9171-4f2e-923e-230dd82f6b97,Cylinder
2dd0e466-a9bc-465d-a1e2-6661a29f71cd,Sphere
0bb617b6-63f7-4d83-be3c-000f20296841,Cone
080475e2-0040-48cc-9015-3c70ae80d88e,Cube
30c0ce3e-f728-401c-9159-b347720fcc7a,Sphere
1e618371-4ca4-4134-96d0-c542e18b0751,Sphere
1acb5f64-e63e-44d0-a632-a9d24b7eff2c,Torus
2277b4e4-edb7-4465-bb5a-6f1c1e1c43fd,Cube
1001c27e-5386-45f3-af11-329f40f156ec,Cylinder
04dfc616-61b8-4d3a-b25c-485c0b6b1197,Cylinder
31331ef0-c03f-40f7-b4ab-10174849158f,Cylinder
331b6757-9da1-4cd8-9b39-f916e07138c0,Cone
3552e2dc-4a74-47d4-99c2-c2803005f74e,Cone
2a7385b8-8805-4190-9148-7f59f1c5499e,Sphere
2bb3d722-ba1c-4cd1-bd45-834a4f225b3a,Cube
27d2c06e-98c0-4563-b2a8-e583cef8a4dd,Cube
2520ff45-c1dd-40d7-a525-41907e957c9c,Sphere
1823af24-4f3a-4e46-a0f7-5c63226fb222,Cube
014867f3-961a-4b41-83bd-dce53cfa25e5,Cylinder
2272f295-7068-4661-99ae-a07e4014fe9b,Sphere
12f2fba1-98fc-4abf-88fb-0d0b1e28b347,Cube
014571bc-50ee-416b-b602-dacf8b7e1256,Sphere
1497bcb9-3de7-4f97-a50a-83c275ca97b3,Cylinder
3315025f-2df8-41e7-a1fe-8dd8f8fa4f1e,Sphere
09b84187-a506-4884-8007-51702832d064,Sphere
14e4911f-d1e1-4475-85d1-09a7d4c551d5,Sphere
2280ca73-2bb1-4362-849d-cd7586ccb460,Cylinder
0135cb6a-4004-40d1-8749-22807c35aae9,Cylinder
318d3b4e-66f2-48f7-9ec0-4909895731ec,Cylinder
30ad6df4-3209-4ece-98ed-814c21aad139,Sphere
3588ba71-ef83-41ad-b529-9608b4b11e92,Cube
00d71e0f-b37f-4053-84b6-9ddfe1c609e0,Cube
1b482793-efce-42f1-914f-70177ac90cb8,Torus
2aac3758-069a-4c64-abec-d7c6cf039aac,Cylinder
358ce2a4-b575-45e3-b538-cf74b5f0f19a,Sphere
0ffab5f3-bfc4-472f-ad87-0882f460a015,Sphere
0199d0f1-937e-463f-ab4b-68c91674b71b,Cube
150ac4d8-1b06-4d8a-8e65-98045bd78321,Torus
14fe4b01-991a-49f3-9e7f-51b2aed4eb5f,Sphere
00cbdf28-9f3a-4414-b8f8-3ff222d127d0,Cone
34936e54-21ca-4df6-aee8-e1c0c0174046,Torus
16c62dc6-8637-411b-85f6-dc67398ad6fc,Sphere
24fb0f84-00c2-46e6-bf18-9cf75c568f83,Cylinder
0e04df1e-b57b-4ad3-a6ce-ba82dd71fa13,Sphere
31d05b0b-237e-4982-8be3-213f169f054b,Cone
2247083f-cbd0-4251-ae33-01c42cdab396,Cube
1c19169e-e1cf-4b24-8f90-cf45fd6d2648,Sphere
2092f5ca-db39-42df-9fc3-13c9ef5ab890,Cone
152d9ace-fa52-4dcc-ad2c-815d42d230a1,Sphere
3436a35f-bae8-49cb-9b0a-8199aae9ecb8,Sphere
350a6162-960f-4483-9f29-3016be66121b,Cube
2cec4f14-bdaf-4468-b8bf-067bd38300d2,Cylinder
1b1618f0-ff6a-402f-9f10-a5ebf6ee1621,Cone
23d2f0bb-e270-47a3-b16d-c6c509eb194a,Cone
24fd3ca4-fde9-47eb-9fa0-da9c31a9dcbd,Torus
2c0000be-fc1f-4ccf-8c82-60ba408a5016,Sphere
10784d45-79a5-4daf-9168-aafb64a6ba9e,Cone
2897389d-8170-4bde-b616-396b77781b3a,Cylinder
22fbcb94-9adc-4b87-b261-8bb6be5dda50,Torus
346f9d05-eedb-4fd4-a6f6-7a3233346bf6,Torus
1eba0bcd-6dde-44f5-9f1f-4629b2d31724,Sphere
0da3db5b-7f8d-46d2-ac9b-f7f527eff920,Torus
2d1dec1e-4ce5-49a2-96f1-9929b74454d0,Cone
2d99053c-adc4-4e48-a467-d121bf8f8cc5,Cylinder
0b1352ab-1b57-4238-a938-01d28a71f5fc,Cube
16bd964d-1861-4faa-8cf0-3bbce67c8591,Sphere
35454e40-e93a-47a8-8d44-ecc43c34db43,Cube
1b7b8718-718c-445d-be56-bc16cc436512,Cone
20d1711b-5ecd-4a5f-bfce-ffba7629003b,Sphere
204a60f7-b97c-4511-a269-e7d5a49b3d7d,Cylinder
19d3d441-f97b-4c93-8acf-e585b5c7e9e2,Cylinder
336150e2-e31b-459b-95ff-ecbf0f6f0455,Cone
12ea381f-b478-41a9-a84b-6c875fad8db0,Torus
234960cf-c2fe-4d96-9776-262f334d5229,Sphere
348a7db7-5a99-4424-b4df-ad5cb746524f,Cylinder
21635bb8-b5eb-4c28-bc75-8895424dad57,Cone
06d09dba-8175-434b-9c57-a3214f50e579,Cylinder
351f15dc-03a1-41ad-88a0-27879901f4b2,Cube
33a191cc-234e-42c1-beaf-92a628ab9afe,Sphere
1512255e-8b1c-4d69-90bc-1f2b7c4be93b,Cube
30c3dc9d-95c6-4c11-ab8f-1201aa05db7a,Cube
23cf7e16-9249-4237-abd9-dd4caef6bf06,Cone
01f1310e-ceea-40d4-8cca-db3ba4403c0d,Cylinder
2433db6f-955b-4c15-b2bf-3440c49b6228,Torus
30676613-a03a-43b9-8e3c-9c301e52d6f9,Cone
23cf6e7a-3165-4b2a-a643-f01fb7cc36b6,Cylinder
08463221-2c92-4166-9827-291845dea6ba,Sphere
0e35aa76-41da-426d-970a-4e9f8b1876b4,Cube
137ebc28-3a7a-467e-b108-a2c87a86aed2,Sphere
0def9928-5491-4397-b273-e90eb0448ebc,Cone
0d8683fd-5442-4098-8c14-4bd82bf0a910,Torus
132e1be5-9971-4f6e-b9a9-d452cb6be151,Torus
04bd5135-298a-46ef-92a3-f70394c0f2cf,Sphere
0013b5b7-037b-4f26-84b3-dc06c4ae617a,Cube
2abd725c-9d39-46c3-8309-4fe40ae42584,Cone
02e0878c-637f-40f7-9643-a3e21154671d,Cylinder
03bbf322-b9a4-4f08-a6e1-ed4734b83911,Cylinder
1a73038f-405f-4b0c-b382-5e14064232fa,Sphere
20e735f6-52bb-4fd2-aa3e-cee0cd6832be,Torus
25971552-d7f1-43ac-ae3d-42254bc2c359,Sphere
2e1c58a3-7745-40f4-b55e-b885cb23ecb7,Cube
110c6197-78dd-465e-b023-09322f316ff0,Cone
24deac95-d362-4d16-ba2e-58c6dcd4442a,Cylinder
23d777c5-0efd-4303-be04-d83761550eee,Cylinder
0e8088bb-26a3-44cc-a7cb-977e43057396,Cone
2bac2899-b3ca-4d9b-b643-3e24aaf49b88,Torus
1776be02-8c00-49d6-ac0a-06c5158387c5,Cone
2b49f414-7d06-4f8a-89f6-8b01d56f05a0,Torus
2b000f16-4d0d-4ced-a7ab-b5dfe33b060a,Sphere
05d31358-edf2-4ca4-a17e-5fcd8380b13e,Sphere
0ee57e35-6086-4d23-b045-7792786edd0c,Torus
10f44b1c-9e7a-464f-a9da-c777b5ccd632,Cone
1b03c567-57e2-4508-ad10-6da4586ea978,Cylinder
26c9d176-acaf-41c8-ac67-042db8e990cb,Torus
1d49b1f8-e30b-4c59-8e12-b51916fd9d3a,Cube
23b98507-83ce-482a-94f1-9ff3654848f5,Cylinder
0c793d9b-4fc8-4ca1-8ef2-270ef5b02119,Torus
1df36302-9a8a-4233-9bbf-55874b472c27,Cone
00c7fcb5-4102-4719-af7c-882a86448d2f,Cone
19e70faa-e195-4bab-9fc4-ffb8d1f72ccb,Cube
34d97fe5-556a-403d-aff4-c244a1c0fd8c,Cone
26e2f743-f307-4663-bae6-f823640a4724,Torus
0225a2e1-afcd-4755-99d1-2ef5f5e2da45,Torus
2bd312b0-b8d0-48c8-8d9c-de741a307960,Cube
04843234-8f9a-4773-861f-b8ab43567516,Cone
1dd01fd3-0f4b-4f77-ad95-3f2ea6834abc,Cylinder
35d76a4c-748b-40e3-9ac1-75bc3676d33b,Cylinder
2a6398fc-3101-45f3-8895-348a69a033dc,Cone
16008abb-2851-4943-b2fa-eadbd8d345eb,Torus
046ef898-7a3f-4535-8a99-804a6637dcf6,Cube
0c6b9dd0-abdf-40f4-91f1-1ae68830c317,Cube
18462540-e028-4203-834e-6fd60eba02ff,Torus
0a11c51b-97e7-4ab4-8316-5422ebc24760,Sphere
22e1f894-3c1d-4a1f-bf1d-195bc12c3796,Torus
32d4ca54-5b3f-4565-aaae-f9398e8c866f,Cylinder
0886eadd-e821-4e3e-a507-3554efbf354f,Cylinder
1a7276fe-682a-4c8a-8dc1-3a44e117ee9e,Cube
217f7e67-d87d-4e9c-9c5c-d7f86cc188a3,Torus
0604abe3-8d63-4eaa-94eb-beac71ed5301,Cylinder
1c5edf18-bb12-430a-899b-21170e4f480f,Cone
122e1479-6aa2-47eb-8c38-d2b1d2036c0b,Torus
229c53a4-9383-4f32-a996-e34aa1fe24ed,Cone
302d1e47-7ffc-4f4b-b78b-009e6307c0b7,Torus
23706174-df9d-494d-883d-0ea252d8f3fb,Cone
1b95cf2d-eea5-4f98-b928-0d2cf1e68ec0,Cone
00c69dde-977d-4627-af1c-d88008b9d92d,Sphere
1936f957-c61d-40b6-af6a-6a6a6d172b3a,Torus
35dfe5b6-490c-4706-ada8-f7d5c956c7d9,Sphere
1216f6be-5031-43b9-84a2-9cc07bf7e462,Cylinder
296cc13d-a977-4bc3-85b3-5273f73d30cf,Sphere
1d770ec4-c62b-4dec-a7ab-89028fb703a6,Torus
0ec81a30-d26e-479b-a201-bb77b182c2fc,Cylinder
21c5e7a9-3359-444c-a129-a77fe442ac6c,Cylinder
10e288de-0298-4e75-97a3-5ab5ae53d949,Sphere
296fdfdf-6271-406a-af54-6350186eed47,Cylinder
33f832f5-90a8-41f4-942a-3e6e95f5010f,Sphere
214309fd-049e-4ce7-8c6a-3aa06ec37f39,Torus
118810a9-939f-49a2-96c6-adfaf8505cc6,Sphere
02654741-ee02-438c-a573-c13467ca00b2,Cone
2426f488-3d73-4f07-bb60-db82c2afc327,Sphere
2f9b493a-4e33-4318-8ec1-dfb14f82a9ef,Torus
0ccb70e5-7c3b-4d7b-b8de-f355b808a5bb,Sphere
2489fc97-0f64-463e-a079-be0aadf29fbe,Cylinder
087deb90-b009-429e-8741-5d9288cc823e,Torus
1762a612-f478-40d5-a8a4-deb09ec678f1,Cube
1cfd213c-1261-409d-a55d-418f322faa2b,Sphere
1a6fac8b-73eb-4c78-865f-e058efad828b,Sphere
028372db-e40a-424b-affa-490c5c236ab0,Cylinder
1d9f02c5-a005-4b34-a8cc-bb0dd3cc8d06,Sphere
0dcb8730-3822-4cae-8089-13e117c25051,Cylinder
1d7c1ab5-4596-445f-aa4e-679f245ea2fc,Cube
282d8608-8481-4d92-a5bc-e46a2e8311e5,Cylinder
27de3a11-17d7-443a-8649-18fdc2ea6e60,Torus
1562d3bc-7b0c-4ddf-a4f4-c2bf6197b279,Cylinder
31a71b45-7966-4b91-a2c2-82ac8d942e12,Cylinder
22e69177-7f6d-45c1-ac7d-1d6e819e7523,Cylinder
13a97b77-d248-40e5-a736-81cae83ee142,Cone
07180fe5-8518-443b-809c-154b13caf37e,Torus
2b626d4a-e652-4585-8a20-2fe97c6c94d3,Sphere
1296625b-0cbe-4460-a1eb-fc191e11141c,Cylinder
30e5b66a-14ee-43c0-8929-821a2a263aa3,Sphere
15ca0af5-d8a4-4e63-97ac-2976d2b4d3ab,Sphere
2b63d944-6efb-4907-9245-0dd6147f3338,Cylinder
33109db1-4106-4cc0-ba3b-fd66bda48a41,Cube
2c106a3f-0232-417c-b513-aa6d1358275a,Torus
13784a8e-f183-44e7-949c-ff8cb490b2be,Cone
10a48a59-4a02-4256-8156-f9d5970111d8,Torus
0e28d7a7-e503-47ea-9338-15b7972e1d9e,Torus
16d8c7e6-5ddf-462b-8623-78536c11139d,Cone
29e0fd96-61c1-4de7-81e2-d8dec1efab5f,Sphere
1e2534a5-b9a8-4a95-89fb-7cc777031130,Cube
279848c7-f589-4962-9d13-72eafacbf1b4,Cone
3292af49-9791-44be-bbc9-4c70c652fc03,Sphere
1965dcda-49b4-477b-97bd-aec595591844,Cylinder
1bc1a2aa-ee80-4329-82f0-7ba0ab1d2a4f,Sphere
1a0d2ee9-cd82-43bf-8fce-5dc2c40fca0c,Cone
0c4133f3-6acf-4dea-9ca7-c63a8815c423,Cylinder
005051c2-09bb-4f65-a6df-97fcd0934be7,Sphere
0c7fa9de-8f7c-4f1b-bc19-78546cb85711,Cube
278abcce-26d3-424e-9743-a592a459c49d,Sphere
15045e46-a3a4-4a2e-b596-2917ff2f4283,Cone
1fea262d-176b-4f45-8ac7-c33e50a8c21f,Cube
2b0e341c-87dc-4cbe-a2b7-3eb3d93b504d,Cube
3341c487-ffc9-468a-91fb-5f4afe64acc6,Cylinder
2b909284-7419-4a6a-ab5f-61e3ac7f26a6,Torus
017ac1b5-6036-4db6-ac12-51b6f415dbec,Cone
2abe7669-58a5-4936-8301-d80c9d21dbb7,Cube
00080096-4d79-4d76-93de-ac9104d999b9,Sphere
22250ec7-0762-4790-9f34-09844a4a2c15,Cube
2f021b1c-9902-47e9-b849-3704407dd0f4,Torus
2c91d94c-2f82-4a69-b141-89f981364224,Sphere
18368e49-2f55-4059-b57b-9094c4c31356,Cone
27effe29-6e10-4bd1-b2f3-47a443bad420,Sphere
1c119530-d38c-4dfe-bd29-d3fadc6b09ce,Sphere
10f6262d-1529-43ff-8346-9eaf4bb1a2e9,Cube
1fcc7ff1-a23b-43f0-a840-c331e281b689,Cube
0bda36e6-0ca7-4a47-962a-8f96add97c1a,Torus
1753eeb8-cbb0-4a30-9075-7caff651db0b,Sphere
16b7bd96-ce8d-403b-af45-81f32bdc47d2,Torus
1f68c759-a22e-4198-8b9b-23ae3a4f5e3d,Torus
2b7bc2c8-9f0f-4075-be38-32d56db97d99,Sphere
313650d9-a75f-4fa7-9950-822f0dc627df,Torus
077825fd-0815-4ddf-ab36-f1d0c30ede80,Sphere
1a0c82d8-d2d2-4b7d-95d2-25da404348ea,Cube
31e9cf53-97cf-4fcf-910a-a57e98e18568,Cone
2b64abba-70a0-49e6-bad4-3650d41019c7,Sphere
091613d9-5a9d-4faf-ba08-c4fe5992602b,Cone
20dc78b2-82ab-441a-9542-01cab8260045,Cube
16eb8f2b-1a64-40ab-b46d-81c7fdda3d15,Sphere
1450fe27-305e-4e0c-8556-5deac2da6760,Torus
296643c5-bc2c-4d24-bc89-8a3957e27ecd,Cone
34cc32b7-d506-402f-80f9-53bdb8fa9f9c,Cube
1398616d-a87f-46d8-85d7-436b52602b37,Cone
044ff8bd-2067-48be-ae33-276be238cab9,Cylinder
3294a96c-0119-4a26-8446-cc8ab34091ed,Cylinder
27e7083c-f938-4ceb-90d3-d35716af1a5f,Cone
12a8c56c-c13b-4f6a-b827-259460396fe3,Sphere
3067b108-f421-494a-953e-1d3b39c9efc6,Cube
005ff3c9-4b8b-4fcf-a7aa-37ce0b2e3724,Sphere
08f27eae-7d21-4713-be34-d81245400ac0,Cube
2c4a0008-fee0-4986-84f6-91f7f3a67be4,Torus
049fb113-0506-4e29-b69a-206cd9a8bd35,Sphere
09128409-a238-4ec0-b9ff-3be9b60c8f12,Cylinder
22f047de-3edd-4fda-b986-93170c6418f2,Torus
05de42f5-67ce-46cb-ad2e-f6a481eef2f5,Cylinder
01b3bc21-a6c4-4085-8d1b-baafce015cc9,Cylinder
1efdef92-b874-40d2-b615-0123a39725c3,Cylinder
11f16b61-1c68-4007-bac2-faf8a0ebca24,Cone
1df3cc46-048c-4ab1-95ae-9506c053ca37,Cone
0f515d52-6bbc-4e33-9d1a-dca549c51ec9,Torus
05afa6e2-b5ec-43da-9572-028315383694,Sphere
29b58939-89e2-49b1-8d7c-3e80fe09e349,Cone
1870eb06-6ea7-429b-b84e-bd38c532a1d4,Cube
25a6cdea-8a4b-401f-bb11-9125d899c3b8,Cone
0e37ead6-d257-436e-aca9-83538380bdea,Cylinder
332fb5a7-da84-4732-ab80-944b73954978,Cone
07ae9b79-be4d-48ea-a333-b7d0b614cd36,Cone
1e4a956f-a1f2-4e05-9207-7ef2a8737ae9,Sphere
2f2fa6d9-9e99-4f79-8a4f-17a77231f73c,Sphere
08a2c64b-b77e-4372-a70a-f23a78b58a79,Sphere
30d76733-6c2e-41a6-a26a-fb28938c2813,Sphere
0f5d689a-cccb-44f8-a3f0-4bf32baf1fc2,Cone
32d599a0-e645-42d5-855a-14a0904fe061,Sphere
300c7895-d9cb-4b6c-89d7-81d61f89835e,Torus
2642a5d6-d04a-4b6d-a5ff-3b5fb91291cc,Sphere
2cb448d1-dfe9-45c8-8b49-45cece1b96c0,Torus
34fdbf47-ff59-400b-bc6c-f1b3640d6d7f,Cone
00844fda-ad2a-488c-9ed3-37f7d32c4f48,Cylinder
1c527eaa-bcb1-4001-bcea-fb00134a210a,Sphere
13a76295-784d-4b64-abcc-1431c0e04bd7,Sphere
1ee8d7c0-5c9c-4bd6-a60c-7ee2e6ea3187,Sphere
31a65d3f-95f6-48d7-b8f9-838d9d96959f,Sphere
09c7315c-8179-48d9-8e79-4bd88105e367,Sphere
1b4e7843-c6f9-4521-b72e-2f18d9286982,Sphere
2971b922-439e-4b08-9608-ad1c365635cf,Cube
08df2864-03fe-403e-bb9e-3c554beda61e,Cube
1c68ec81-319a-4da7-875e-c2e41b536911,Cone
309699e9-0a31-4948-8651-b22be41ead3e,Cylinder
2a1594dd-ce1f-4b84-95bc-c9d9f8072613,Sphere
24d74698-d679-438b-89ae-2b580f7fef79,Torus
22800dfe-89f4-4aea-ab2b-8c1fdf19bf0c,Cube
26540ed4-cef5-4df6-b5c9-9a38781a382c,Cube
0c42cc6a-d888-41f3-a1ea-605f711fb736,Cone
12529bac-6363-49e2-95c1-6d49ed701c49,Sphere
09e7ec7e-ed6e-47a1-a931-daec9cf0f374,Sphere
06b82c04-f6f4-4e86-af01-6c0783cf34e6,Cone
0ada9068-6730-4026-ae87-55c99a1c8519,Cone
0562c671-8c2e-4b85-ac58-23f733d1511c,Cone
170c33c2-946f-4b1b-ac60-abecf524203a,Torus
11b4f797-a153-498d-b6d5-82f40e5ff453,Sphere
124d081b-4cec-450d-a7e9-64a11dabec21,Sphere
003cd14d-f5e3-4d7e-b4d1-f78b62bcb873,Cube
1dd804c4-7280-474a-9930-50d6bf1ff4e6,Cone
0e4588ef-addf-4fbc-b618-a49f3bd2a474,Cone
12bf1665-201b-4f8e-96f4-0ab4a6824294,Cube
2905bcb9-ceb0-426d-92ad-8a6ecef78003,Cone
32839f09-3501-49ec-9ae6-779cb62a4d15,Sphere
165a2332-7c18-4432-85f0-3ed619334a45,Sphere
16686405-869e-406c-be4d-f7bb9b768e88,Sphere
32e34a32-f67a-4bb2-a009-da27304c3e7d,Torus
00b0bbe5-4e46-4b26-962d-496a7b459c63,Cube
24ea5e21-8b64-4115-b19c-2f9d53207b24,Cone
18d8910e-f50f-4d44-aa86-2420ceb26d0f,Cone
049d6258-a97f-4cd7-8e84-385ed890fee7,Cylinder
2bdb6d34-fced-4dbb-8ab6-749d33e747d4,Cube
33aee2aa-c956-47f2-ab73-40d66215f795,Sphere
0a688594-34ac-444e-bf6c-0b2365e41fa4,Torus
231ed49b-c04f-4360-8503-3b07744c9f74,Cube
210d4696-de3e-428c-937f-dd0587f8cdd2,Sphere
31b659db-e53a-4a9d-beaa-17993254b0fd,Sphere
330c03d3-94ca-4cc7-b6f2-92fa8dea5ee3,Cylinder
2fc13d42-9834-4f19-88dd-5f239b0bf669,Sphere
2b4a86b4-3f50-4a92-9bf6-6d0cb647ac6a,Cylinder
18dcb87c-7ba2-4815-9df0-36987d6cae28,Torus
2c19b870-192a-42ea-b720-84e4cd46e87b,Cylinder
2e5668b5-58a0-424e-bcb0-bc51fb3938c6,Sphere
0c74fc7a-9aa8-425d-b93f-230df195daca,Cylinder
12e5b3b4-b728-4e79-b325-498a34bf04e2,Torus
1e2e264d-c87d-47c0-8159-c6c4fcc28539,Cone
2fe606e9-473f-49bc-8336-568e7b87c2c2,Torus
1c16d9a6-0990-4354-9e6c-8f25fc396a47,Cube
1094c53d-79a8-4be4-a515-3222729ae698,Cube
270ae798-73e3-43b0-8363-eb0982c64ef0,Torus
119e211d-04be-4caf-8fe9-b00aac5a64d4,Cylinder
117fa5e3-5755-452b-a96d-c5adb63f595c,Sphere
0d596c57-46f6-42c3-9b00-5c82c75893b4,Cube
05db5e76-81e5-43cb-a2c9-1b5f8bb4b70a,Cone
1e032368-40d2-405b-90e8-123be7a7556f,Torus
3094dba0-2aea-4ab1-b0ca-11423f327651,Torus
2789a3b8-fce2-4dee-916c-9ecfcae913f3,Cylinder
2f0f6fdf-7e5e-42e4-bb8f-bab4e729c248,Torus
15de905a-d9c0-4ad4-b72d-2d41d19b44e2,Torus
1c345b16-d820-4b3d-b68b-98b6d6a314c0,Torus
1d045bd8-c168-4d7c-a0f4-999a8f029c35,Cone
1f34dbf7-ff23-4f05-89e2-57f62261237e,Cylinder
06560c43-65d3-4c05-852d-f6d762568a87,Cube
27383142-e6c4-4ee0-86cc-42a678d5815d,Cube
17ee98c0-e47e-4362-b0d2-15bff05a13b2,Cube
0dc15bb2-df8b-4429-828d-e13f79f3feb3,Cylinder
0317fefd-ae68-40df-9b97-f6cd92e69335,Torus
09a94bd5-1bdd-4521-8a11-61cdc98e5984,Torus
0b512cef-c001-4d20-bb0f-66f89cfb3c01,Cone
28a258c9-57be-4e00-bdfa-9b014b0b64ca,Cylinder
259a9a47-db62-4b13-af73-501634454df6,Torus
26fe4579-674d-42cf-9bb3-61ee63ee84b0,Torus
2de478ca-0eae-44f6-9d75-2cb70320ff7f,Cone
2b08105f-1918-4ddb-9f82-ea2e55a9a75f,Sphere
06c3c898-ce23-4da9-a897-3c6d26ca2162,Torus
035038bc-768e-431a-97ba-34f84b6451c3,Cone
06b4d29f-5d0f-481a-8345-8d32cae07689,Cone
0b9785f9-4e21-4342-9f8a-e7ec5082d42f,Cube
052655aa-580e-4209-a300-f4b9bf574f03,Cylinder
227f63de-771f-4754-ba5b-8bcfdbfafde1,Sphere
29f366cb-f912-4446-92fa-19b5142974cb,Cube
28a9fd23-3eb2-4292-8a86-0df967dfb71d,Torus
251465f8-4951-42e2-b54f-da30bf8138b6,Torus
30ebe481-3508-4076-a89f-d8d4e907b7ee,Torus
357fd7a3-3b9e-4a33-814e-b3e19c88c963,Cube
1982c26b-c14e-4ebb-b358-064e5beb04d8,Sphere
00762d47-1195-4085-913f-ad5dfee1786e,Sphere
24f4fe90-83be-4c5d-904a-a889490d1c50,Sphere
17809679-970a-48ee-b03e-5cf9fe006275,Cylinder
1f474f56-2953-4db3-9e88-604b4a805a0e,Cylinder
17d87b48-6910-48b9-87b4-3fb994e7abb1,Cube
17256cea-bcb6-40ce-8c79-ce7fa671ed3b,Sphere
1a981d00-9cae-4d61-96bb-a6c609b71647,Torus
0a08f252-dca3-482f-803f-c616421ef48a,Cylinder
1ce2befe-5ab5-416e-bd88-f2717df181db,Cone
0385b404-bbe1-451e-99f2-2abb4435c052,Cone
32c8e62d-7cff-441c-bcb3-299c399a965f,Sphere
0310d9d7-b175-4901-8a2c-0f4b2adc6ba6,Cone
22bdf2d2-ea2a-40bc-87f5-a66b33777104,Cylinder
24856a38-5d69-4a96-9376-581f23eccb17,Cone
1844b15f-d47e-43bc-bd28-73d86bc27a3d,Sphere
05fc1d24-e11a-4827-b03a-ba9d047e5a67,Cube
0f3dafbd-a678-47bd-8bd1-f79668b5523d,Cylinder
2b12fd4a-2548-4ca1-9822-70e4dcfec948,Cylinder
0cb90d58-e958-4c47-8a61-845a7876db7e,Cylinder
2ab70873-df99-4623-974d-ffb001bac7e1,Torus
00f6bb3a-979c-4212-9cef-cd1f851786d9,Cone
26aa7f13-3202-42aa-9d2e-6994f863896b,Sphere
0472ad34-e348-46a5-a706-1a7fa21d30b5,Cone
1e72fc0e-2cc8-4829-b565-1177c56c99bb,Sphere
032d5577-5b9e-4cb9-805b-5fc951e254c8,Cone
19c27722-8c46-4104-8b50-7b26675c7ece,Sphere
2c32b14b-af34-4940-ad1c-d81f48ecda8e,Sphere
0a395258-d8b8-471d-ae3c-efbf286c7f47,Cube
2f47b9c1-fbd2-4259-9977-0c84a2792267,Cylinder
1653851e-733d-45ba-98b2-8292357c8ca8,Torus
3143f6fd-fc4d-4032-9e85-aa548784b36f,Sphere
3330172e-afc2-4efc-9685-f953a85edcd9,Cube
21f12aac-d0c8-458d-853f-de4b9c8a8217,Cube
3154a37d-e3f2-4c68-904f-77bf2cf15a69,Cube
270c1004-13ad-4e9e-a631-bcf68fb8abec,Sphere
103b3ac0-339f-4c12-90a6-1a0091ce99e5,Cone
2a2a8611-ed18-44cf-ace8-ce35c0493dc6,Cube
2608b024-72ba-481b-af73-00c9ab5125d8,Cylinder
2432164a-8e47-4743-affc-d958050d685f,Sphere
0ca70493-b8e3-4028-be2e-8791705844c7,Torus
03c74e0d-3984-4f88-8d3d-ed0099e068e7,Torus
1547003a-5c45-4020-9fee-f9edc655a503,Cone
097771d6-f629-4e7f-ae23-ba21abbc2eda,Cone
09e825f6-159b-46c7-be7c-376063c7e7d8,Sphere
2ec3acca-7283-49a6-81ae-fe8b23f70d56,Cylinder
0a1e2e04-883a-450d-adb7-f8b85b77f549,Cylinder
3496023f-d14a-4d07-9635-8bb253257daa,Cylinder
13fb04e2-5cc4-4490-9b37-a3d0d2b017d5,Cylinder
16a9c12a-60ce-4c84-9ad5-5c56033c13d1,Cylinder
07bc89b2-82b2-47fa-97ab-ae64371f8eb5,Torus
30ca57cd-e532-487b-9d56-8f5605ed8122,Cube
22b4ee83-f962-4875-9d75-92f6dae156f1,Torus
1bbde7b1-a74c-494d-b447-32e37b837580,Cone
05bf0ce5-769f-4dbd-bd4d-3c4a1168f5e2,Cone
29f22f6c-6507-4141-9776-c9c151085a83,Torus
1176cdda-0e2d-4328-b406-3b9f5a6d6a66,Cone
1f40f02a-a157-4805-abc6-30f74719500e,Cube
2fbd50e9-dad4-4337-a47f-442b33459abc,Sphere
33e4200d-3b31-4d4c-a02d-c439a65f43fb,Torus
17d605aa-1f3a-44e7-8f56-80797ca86707,Sphere
03b17a24-99f8-42fa-bf19-8d78a46d45fc,Sphere
2d8c5982-efcc-4a23-b723-66303d9a21e3,Cone
309582e2-29fa-461e-8033-4a704db7db0a,Cone
18bf69ad-c272-413f-b158-6aa648c49f1b,Cylinder
0b26dad5-443d-4799-b106-7de58f61b864,Cone
119f17ca-4517-4e9f-bbea-39aa745172d1,Torus
24f8e0c0-f51e-4f8b-81f1-f528a4ef45fc,Cube
148d6705-24c3-42f1-ad7e-094bbc5709f8,Torus
241b719f-dc48-4ac6-90e9-6fdcdaa44e23,Cone
003cca8b-e7e9-48e7-bf3d-7679b008b57d,Sphere
16a108e6-61d5-46ab-858a-65e630cdbb79,Torus
13eea958-8a00-446a-8b87-cc6e9c5071db,Cone
13ddf834-5489-4927-a7b4-f1f4172e129b,Cone
1ed736a3-c98a-41a4-9b51-87168aecce50,Torus
31b12d36-9160-4805-8aa7-227f516cd02a,Torus
16e5180b-d80f-430b-80e0-c43ea511e88d,Cone
07b43ca3-8094-4245-9724-05b4fd29d06c,Torus
13692b47-185a-423a-971e-1600ec60ce20,Sphere
21466658-0648-4972-b062-38148507d0ae,Cylinder
2e163df9-6901-48b0-91d5-fab1a6e8f198,Cylinder
2f83dd96-1036-40b5-aeab-c429441e62d5,Sphere
31d0a4a2-9b63-492f-a6a8-c3152e6fe186,Cone
16e5e29e-4407-4a17-a714-a1690cab6731,Torus
13b3fdb0-9ace-4a08-993d-83f98b1a1b39,Cylinder
2cfd7aa4-c6ac-4eb5-a028-5ead7752e364,Cylinder
16ebcaa8-a22b-4122-9761-f134d1b7765f,Cube
2045657e-8da7-4aea-97e3-4677fa2e128c,Cube
34b102c9-ff44-4e81-b845-1ee5d9acfa1f,Sphere
060454e2-5f23-4425-93a7-42ec5d2d6054,Torus
00f03ce4-8634-4dec-b052-8590593bab2d,Cube
162d3de6-c6fc-48d4-96ca-c0c4423f7011,Cone
1b354515-7e4d-46ef-b669-177244f1314e,Sphere
048d823b-3a65-494d-95b4-5c771f8381d3,Sphere
0ae239ec-3790-4330-92cb-74d01d250362,Torus
05e14af4-abc8-4bc6-a7cb-6d5e436ce6ad,Cube
16e59b4a-c05e-404a-a7c0-a04d0d6d2d2b,Cone
09b16358-3396-47d1-94ed-f48fd9b92278,Cube
09db657e-ccb1-4223-bb22-e24d84948d2b,Sphere
05b42bba-29e3-4808-bd8c-c39c1b6df05e,Cone
0828aabd-769b-4a94-90fb-93b342814898,Cylinder
2956cc4b-facc-4783-96b6-88c19e954de5,Cylinder
085386ff-8285-4da5-b937-0bbb8f739d08,Cube
22002bf6-70a1-4cd3-964d-10435cee714d,Cone
303a5a99-55a9-47e1-be8e-d755c95c4f16,Cylinder
2fd8e589-347a-42b9-8b73-edbcf1e99926,Cylinder
0964061d-7b70-4928-aef6-2c7925607fd6,Torus
0615f881-1291-4ad2-9998-b0793a6a41cc,Torus
0cac0f0e-9e30-484f-a640-70316a30943d,Cylinder
1d745094-942e-4317-bf8e-76f59ea5571c,Cylinder
1eaef6e1-66a4-45ea-8b60-a6f428420fdc,Cylinder
27b5af66-7a95-4418-a13c-0757b17f1e7c,Sphere
0746b3a8-62df-46bb-8e81-f1e352d2bb5d,Sphere
01dfd602-2dfc-4e0d-92e7-be35019567c2,Torus
2e10e2c4-10cc-499c-85ea-03e522eb64ad,Cylinder
1770997e-0ec2-40bb-9c8d-1f5ee9a59473,Cone
0298cfc0-3f44-4c9e-a633-6e035a9b9836,Sphere
0f93e111-d1b0-4ec3-beab-5aec892924c5,Torus
1507012b-42cb-4017-913e-e17a8543ff07,Cube
098084d5-c3fc-48ef-9beb-f9f2c34c2357,Cone
22f60941-4475-48ad-956f-88d6d8003ac7,Cube
0bc00e87-631f-4714-bb92-3587427d21b3,Cone
1d81713f-acea-4954-8e1d-5832e985b96a,Cylinder
0510ea1c-ed5f-4572-bf3e-15037def6b21,Cube
1a79cac7-cc23-469e-aeeb-9f49cb42768e,Cone
1dcdc1d9-bb32-44d1-b96a-4d249095d071,Sphere
2ee68361-3448-435f-bfd6-97d8de304579,Torus
0bf69a8f-9a7c-4dd9-987e-b9d1377b5223,Torus
0615cd86-a505-480d-9639-8d19c6208227,Sphere
1779b3c8-30e0-4c60-ac90-c1ba06364e9f,Cylinder
21b0bf2e-555f-41d3-a1f6-2999d2770c3b,Cube
03b41d0d-b222-4d95-940b-1bd839a6649c,Cube
35102353-9fef-4b1d-a30c-81a0cea4abfc,Torus
12cfeb8d-b518-4ec2-bec1-5992ab9aced0,Cone
14f2a9fd-476c-4a28-8da2-b0f5c34d3ae3,Cylinder
0da0ab0e-ed97-46c1-8874-0b27db636b6e,Sphere
1938a005-39de-4800-b4f8-c883ed70ac60,Sphere
30d3ebe1-e26b-461e-bcda-2da1d3ecd6b8,Torus
06a9c99d-ab1c-40a5-a51b-beb598a2924d,Cone
1bf641f9-f75a-437a-b347-e69eeb0891ed,Cube
12ed8613-957d-4013-b512-f851858dedde,Cylinder
2960b5ec-083b-49ee-8a12-fd1f6602122b,Sphere
23ef2b7d-ffb4-48e6-8e09-209efce79153,Cone
284b89ff-40a0-4bf6-839c-a6ad5a62ddfd,Cone
30a28b21-e03e-4ee8-a3cb-db909109ad81,Cone
09725185-08ab-4491-845a-6d02bdbde5ae,Sphere
0a785df5-dbc3-4d50-92b0-b9c7d0b02d9f,Cone
2b4417b7-1096-40ec-94df-725afc5d1d71,Cylinder
2ff02cd5-749b-4455-805f-9b828339ec6c,Sphere
0710b18a-d548-403d-9051-3ea166cea47f,Sphere
00bcba77-536c-49c2-b274-590c6a8d925d,Torus
32a07655-6837-4c49-9324-630ba23af170,Cone
265f33b1-e501-43f2-94ee-be3d0e657f3f,Cone
2db29bcd-5584-44b3-be55-4285dc634c0f,Torus
293c4b7e-7022-451f-bb13-c09c28e57772,Cylinder
1ff5687a-6c79-4ae4-84c4-21034cdf8013,Cylinder
226cf5b1-bddf-4bcf-b27b-840a87ca3461,Cone
0fe675e5-2c54-45fc-9778-08dcfa1407fa,Sphere
1705562f-60bc-4754-89fd-05f2d6935b3f,Cone
073a4a7a-db18-45fd-bf0c-e0a2a81d771d,Sphere
1594a3c4-4a0d-4747-8d65-49ff84423cbf,Sphere
10efe182-cd03-4e9b-a88d-9f3d1edd0f44,Cube
3014cffe-d795-4bca-b2bb-0441e5ecf2f8,Cylinder
23b30554-1403-406a-aecf-c3f8cb0c7626,Cone
096a25d5-f576-4ac0-b205-312a264aad39,Torus
28f6de3a-e2cd-4ad8-b0aa-25d761c3f059,Cube
07e72b1c-992c-4605-8e14-8464870fac92,Torus
0e55f49b-dd15-47c6-a3a3-13f72b80fab2,Torus
213917bf-831e-4e9d-95eb-2552ccadca25,Cylinder
327862a0-f7f1-4058-bb01-97d67f972aab,Cube
324a6c98-f033-4b2d-b9b7-ed6c454a3c5e,Cylinder
0900e308-b6a1-401c-b9fb-e5f30febc8a0,Sphere
10f6f5a4-6833-45eb-a79b-a2a4d1118501,Torus
0d1d0e93-6e00-4238-a520-37c3d65714b9,Cone
321626b3-5bf7-462c-ab3c-1b09da061c0d,Cylinder
2376198a-1480-441d-bb7f-89288a1e5861,Torus
2ea1bc0e-2411-41db-9e39-2edbf7ff3f3c,Cone
260ff474-9b5a-4659-9331-e49dfb8cf22c,Sphere
01920b45-c9ae-45d2-9453-3c117f8cc840,Cone
272b6bb5-db3a-4d2f-833c-c1c1cdd933d4,Cylinder
1132b9a9-0858-489b-9f37-a0f0404d7616,Cone
0a0acdec-527e-40bb-97ef-1a2e0608c6bb,Cylinder
0bf22330-a245-4663-9ed2-1128cf2eb91e,Sphere
23b0afc2-92f0-44c9-8523-aaf9c4d28291,Cone
06437e48-33e5-40f7-8955-6eb907505ffe,Sphere
1f00fba9-10ef-46f0-85d4-db3c41879aba,Torus
31926d50-05de-4996-bf46-46097ed94fdd,Cube
2618004d-5071-4975-b503-1506b88d05e2,Cylinder
15228e70-dc8e-4f70-8309-7433f9943978,Cylinder
2362fb9b-bee7-4110-a70c-cc7f4478fd29,Torus
264f070e-25e0-462f-9396-3c38c040448e,Cylinder
1f077988-e84f-4308-bf27-b575a28c1dd4,Cylinder
0ef228ee-b828-458d-ab95-abb5ae0add4d,Cone
18203409-1e81-427f-920b-ec110a8c7c0e,Cube
2823ee75-6cd4-435c-a83a-965a65b08bcc,Torus
05037de5-a4c8-4df6-af95-2bb3dc01cace,Sphere
139fed87-49c2-475f-bb1f-2df578f4cd6c,Torus
145c83eb-a23d-43f9-b83d-9dbd84115fb7,Cone
13ecea81-b158-45f8-8ff2-de0dcd53077f,Cube
194fd8b0-3029-4ed0-9a8b-1284467b3bf6,Cone
16511217-3a75-439d-8478-aceba731ca0c,Torus
2aa3a162-9aaa-478c-ad18-2ce89b4fadf3,Cylinder
3475018a-ce80-4165-be65-bca05c9805b4,Cone
13dea581-1013-430a-a73d-3bd407e8a0af,Torus
274adcbe-6a18-4d91-a4a7-a470510974e8,Cube
05128d7b-9cb7-4f6a-bd47-b2b897f25095,Cone
1edf1ea3-bc13-49a6-8353-9c9554fbb12f,Cylinder
165924b1-f8ad-4fba-a659-4e0bfb1a8bbe,Cone
2af44e6c-2e24-402c-bf07-89b95922cb66,Cone
1616f21b-03c4-403c-8523-c6fa0cc669b5,Cone
2228f9bf-647f-471e-b87a-7ce141790c50,Cube
0a0cb70e-41af-408f-a828-edb1d13f961b,Cone
2d419246-e206-4e9f-9710-9547d577352a,Torus
15e0ce73-0def-4d3d-b46a-2e81cdc62554,Torus
05026dfc-6dfa-4ca4-920a-72af88fda469,Cube
1a70792c-9050-41f4-961c-fe1d81f09d81,Torus
2754bcf5-e70e-4378-bfca-8d714a4d91b9,Torus
0bcc4088-97db-4cf9-8c25-6a23bea73a82,Cube
094917b7-de47-4741-905b-55784f709637,Cube
22e059dc-116e-428e-8d11-73d6844252f0,Cone
26cd47e3-e98c-406a-92d7-6ef9ea091131,Cube
31dc1301-dc9d-411a-b11c-09bde81d37b8,Sphere
14f88b77-dd73-42e3-adc6-cab1531dd174,Cube
24cc33df-5c96-4990-9162-0eadfab465b9,Torus
2b113357-4648-4b63-bd88-1b8ad590c866,Cube
0d64f455-e792-4d4f-8b10-bf287988a414,Torus
0126beee-b0dd-4383-825f-efc466026235,Cube
2d6a41a8-2ad0-4283-988d-fc51c63f9c7f,Cylinder
05867396-f294-45f4-a9f6-ab375d4f4968,Cylinder
0ed365b4-914b-476c-aab8-d967a6c6f4b3,Sphere
2d5ccb2e-5edf-44c5-b199-727eb017e791,Torus
0cc8dda4-b14d-423e-b2c1-3009a2b1d2d0,Cylinder
01b8322c-8685-4f6e-abcb-486b10b43ec2,Cone
171b0f86-17b3-4fcd-872d-940d17ba6962,Sphere
22d8337d-d857-4616-83e9-5336a69aca26,Cone
2a444a65-dcd0-4a6a-9fac-5c404ac20af8,Torus
33be855e-c5ba-429c-98b5-667e4446654a,Cylinder
357ade7c-3c6d-4892-bddd-c9b7068f2a14,Cone
0cd6f148-c02a-4b59-8430-2d1b7d266d96,Sphere
0c609c63-ea8b-4ad9-9efc-ef7ae4e8a40e,Cylinder
0b00810f-6357-43d8-ad85-17e29fff7fda,Cylinder
2d7ad8a1-32bd-41e5-8ff9-1b6650f8eb00,Sphere
1817222e-2552-4acf-8bf6-134d4585b93d,Cone
28ca29a7-ab7c-45de-ac02-4f4587b931ac,Cylinder
08197c8d-0d97-4206-a74d-636a8e1018d5,Cube
21d11fa9-c5eb-4856-b8f8-0d3ae086f322,Cylinder
08750caa-0dde-48f7-abbb-461889af05c9,Cube
14353600-339f-43f3-80b6-c8615c0999fc,Cylinder
1c720209-a007-4a7a-9b6c-f568a85250d6,Cylinder
01becff8-0c6d-4b7b-90fa-eee046755d57,Cylinder
15576c18-2151-4d06-87d5-da4d5d90e4b5,Sphere
1e37279e-1679-420c-99a3-8bc94bb7e165,Sphere
20f63ee1-c372-49c1-9ad3-d51b59d32b67,Cylinder
311c8aee-5445-4008-a031-60022c1539aa,Torus
1aa7e091-838e-4adb-84df-95b4d8d92bef,Torus
2213ea38-ffef-452f-81f0-3967825394f1,Cylinder
1e7bb3de-2b73-4a1e-8628-b676a4c9aa9a,Sphere
058c0e48-dafa-4220-b49c-188e6461b75d,Sphere
26683885-cf0d-40eb-90ab-bbd77208daa1,Cone
1b5dc583-db54-40a8-97e4-6d9dcb5a2874,Sphere
18b29719-5637-4039-a87d-51a862640850,Torus
0111bdad-1590-4c1b-94ce-f38a6f41bbe8,Sphere
15da4f4c-a38f-4fcf-92a1-d6184a267bd3,Cone
13f303da-4dbe-4972-be84-1baa659cf0a4,Sphere
041167b8-7f30-4a47-8e84-d7e8f4e0accc,Cube
32ace47b-eda0-4937-b54f-27f31a6a765d,Cube
123d5727-6329-402e-b563-b798a1d693ab,Cone
129a354e-938c-4f9d-8380-34074d482701,Cylinder
1bab5bbe-516d-4e33-9da3-99cd6e032a16,Sphere
14a97704-933a-48d8-a599-a67c9f652d8d,Sphere
05688cc4-caff-45aa-b06c-f0b7ae7914ae,Sphere
124e25e0-93c0-4b8e-8cdc-96f4042bdb3f,Cylinder
13b298ec-dbbe-4a69-8e00-b69924b10b54,Cone
11c5e331-a33e-4350-b72b-cdc0df89c1ed,Cylinder
241d9bd4-ceb0-49f2-95a0-82ef7aed2141,Cube
278c5c66-8c5d-4884-946c-491d023a92ed,Cone
2503ad35-7468-4d05-af14-3a63b97bc94f,Torus
0fed1e96-318f-48d2-a6da-f2df7deeaf81,Cylinder
31d16899-c525-45ed-8a0d-8cc54d4cc67d,Cone
1f6f5441-d4b0-4c2e-a3ba-c795b2e4a06f,Cylinder
3483939a-6799-4635-853b-b3b389d0f938,Cone
331db999-c443-444b-8ab5-e49cff6b5bc2,Torus
2208f908-fb9c-4fcc-9034-79d0bb2d9e9a,Cylinder
2e65b083-381e-4f5e-b92c-07c075449662,Cylinder
0c80d06b-6c21-4dfe-b271-20774eb99e14,Cylinder
2b565148-a7ed-487d-99f9-00d4ef7e09ef,Sphere
347a9540-3aa3-4cab-9a37-6fd3a6169b81,Cone
027242af-8c77-47fd-90ed-0fedd93c0d7f,Cylinder
0aebdb9e-8014-4417-bb3f-d0c5e89b405f,Cone
00a86962-d111-4d09-9f73-38f01c8fb378,Sphere
134315c3-ec6c-4541-858d-31a2cc917db4,Cube
1c921dfd-0cb8-42a2-b291-dcb32deebb3d,Cube
0cde2932-e179-46d6-89db-b808e2dc5187,Cylinder
26ed9b0a-36d5-4903-b12c-ae0ac6a2b8b8,Cylinder
321edf31-444f-46a1-a6a9-4bbcb349f674,Cylinder
221f7efc-988a-430b-89a8-7c533dc69df4,Cube
06f6a3d7-5b6f-4104-94c2-e001d22874ad,Cylinder
09e4f328-cd54-4dca-a419-a62ae1601372,Cube
0be462c0-fd0d-4cc0-a727-bb47570b01fe,Cylinder
31d1fb50-1bf5-422d-aee3-2f3164e329c5,Cylinder
1761fc7b-25ed-4a35-9c0c-ff8241f194bb,Cube
2bfd3cd4-01eb-4d3f-8567-e26dc76f6b69,Cube
0e6beb06-f1cc-472d-b20c-7da62e545cc5,Torus
12ca3eaf-0ff8-4e11-8b12-553c45fb306d,Cube
16afb2a4-ccfa-42c0-bdae-8277f2ec91b4,Torus
30b26b90-d0cd-4e7f-bedb-27fe73a776ef,Cylinder
2d8f929a-438c-4fd5-be27-be954b489a8e,Cube
0ae8afcc-6299-40e7-82eb-bb74a00abe8e,Cylinder
3607540e-79f4-4d98-b5ed-63ed87910498,Cube
219ce6a5-75b3-43e3-a99d-f097dbc69991,Torus
11f1ac5d-aa99-4f51-b2f6-a906d5ceecee,Cylinder
08ade295-1176-4f4b-99d3-caa1596b6280,Cylinder
35083f7d-ab8f-4d81-923a-23ac1acb503a,Torus
22de93e3-4e61-4914-a2f4-6de80f81707d,Cube
354f31f5-dce1-4b8b-b276-f029b0947dbd,Sphere
20174ea0-7013-41b3-b6e5-ccd0eff4d116,Sphere
08db5a8f-c162-4a84-bd93-e31b68a8a35a,Cylinder
18faecb7-04cf-48a2-8031-6f6f9bcce1ba,Cylinder
1eb351d2-3858-4c0d-8bba-388a8195740c,Cone
08f06ddb-0b61-4280-a0ef-e66b4cf2f2f6,Sphere
14fd6fa1-9daf-461c-b99f-c8785634dada,Cube
19baebc1-ee9a-42eb-a1a9-452c87e4f474,Sphere
074c1e33-95e2-404c-bb53-89030245c0e3,Cylinder
2f69fb56-245c-47ad-9d78-7cca1fe1dc50,Torus
0b43dcbe-3bf0-49df-8200-f6532d0177eb,Torus
1decb98a-6d81-4730-bf07-43d349efeedb,Torus
0b085d4f-ae5f-47e3-bc8d-9ad9ef4cf05b,Cylinder
0e4c24cc-1ed1-4bd0-b0a1-70964278a8d7,Torus
1c720447-224b-4d1e-a100-0df1c4d0afb8,Cube
007ea3d1-d4ee-4599-b022-dab2a5195038,Torus
1d1c1d31-89dd-4a12-af9b-bb4ddba107a7,Sphere
02329ade-aa3a-4a63-a43a-7e230d92ae42,Sphere
18ff8a28-ab3c-4859-8b9f-e453209f5aee,Cone
138a080e-c4c3-45ad-b424-1afcde26ed40,Cube
17bd409b-ce0c-4707-a42d-7c878341bdc0,Sphere
1d2d3e20-2ada-4db7-ba25-02215f0c2362,Sphere
14cf7ebc-02f1-4982-8554-6196677ad04d,Sphere
0a3a86c2-8935-4dbd-a7a9-ab121fad2db3,Torus
2a548aa9-3f05-46ac-aa92-c28e464b7262,Cone
118dfaf9-5cbd-45dc-ae89-8a16a2911459,Cone
30049d7f-6d61-4a54-8854-17ad970e52a7,Cone
033e319c-71b9-4508-90c5-1b07de2fd4c3,Cylinder
1bd6fc55-87ec-450a-8c1a-c0aa19d64d07,Cone
018b6a0c-c3b9-4332-a502-e9c52bd869dc,Cone
0a60a58a-28e9-4c4a-a5b7-465ea15a0d88,Cylinder
285645d1-755a-4dad-aeb9-307aa3be2bc6,Torus
1ea7f121-b47b-424b-909d-219bf16dee3b,Sphere
291ac5d5-2249-4bd0-9338-515e6e91d573,Cylinder
2f3c249d-248f-4f92-8497-b69c5557de93,Sphere
004a9a59-cdf3-4b5a-964d-d228c6b919b2,Sphere
273487dd-5212-439c-be4c-85a75c63f632,Cone
02898004-9102-4439-bc7f-3b6219be1125,Cylinder
0ed0da95-b73c-4739-8c58-37b78377cb76,Cube
1e3f87aa-eb6b-4642-8b38-5793b954e8c1,Cube
2143aba3-b009-4cf7-bfe6-94a1a8cdae8b,Cone
114cfc78-b891-4739-afac-5f9748f80983,Sphere
087a49f7-dc87-42e4-9d6f-0771afcabc6a,Cylinder
1763e1ae-79e8-404f-8e18-525e5b7cfd08,Cube
29d407ab-e2f2-40ae-bb46-9c85112c9ab7,Cube
0415f3c5-47c8-42ae-932a-28f2be40608e,Cube
3341468e-ed17-4c2c-acfb-ca7187fea186,Sphere
23204c48-d224-48f4-b737-9bd8a75fbfa9,Cylinder
2e036d2a-ecc9-4774-9b34-c937b6c5e335,Cube
0c9340a5-9f08-4a7b-98fd-7924160fc6e8,Torus
16e3ca92-d842-421c-bcea-877305353cd7,Torus
2cb0afad-e7ee-4758-8bfd-fadb928e8dcc,Torus
1236fd61-41a6-482c-8e0a-bef5ec470bba,Cube
0b8b02fa-4614-4dbc-959d-43b63a02e014,Torus
1e421e36-7453-4dd9-a268-4939d5abdbe1,Sphere
1ea24dba-876e-44da-9480-37336259f496,Sphere
09729812-0208-42e5-bae9-b8699f0fd23b,Cone
24adfa77-109d-44b2-acbb-b341e7388801,Sphere
2870f43a-8dc5-4228-887d-6f831d980917,Torus
0f00bb4a-4f09-4dc6-b012-a097ba09620c,Sphere
23a578bf-2ddd-425c-86c1-7765cb2bcee4,Torus
16fce4d3-a385-4ace-b9de-7ab468f09011,Torus
0dbe1992-8412-4add-b3cd-060f9d17cf55,Cone
32cec4fa-879b-4eb5-b74b-9a2e27bbe506,Cube
1f1a91c9-c43b-4664-a161-687dd42a0750,Cube
353d2b2e-11b2-46a0-87fa-463eccc9bb80,Torus
1b1bd0c6-5b77-4cb2-bf70-8a70e3fdccb1,Torus
1f492207-7342-4bd8-b9d2-e395f3bae251,Sphere
19dd902b-171a-4d0f-9aff-9ae60451bc02,Sphere
2581cc21-f86f-4eff-8ac4-2a5df18eedc8,Cone
041fa527-43ad-4047-8b06-fdaa202a6a33,Torus
3496f9c1-e940-4277-bc24-6991d2b275df,Cube
1667ca8f-df97-4bdc-83e7-5533cd2b70bf,Cone
0100b9ab-527a-4ab9-bc8c-ed5ba6f0b1ae,Sphere
12d38fff-e69e-4d97-a237-24b8e55b2904,Sphere
2fce868f-0f01-465f-aa17-11b244c868b7,Sphere
050eed5d-89f0-4799-94ab-c5e7bd3c1963,Torus
2929e43e-75af-4c2e-990b-263d24330793,Cylinder
2eb2818c-1459-4cf8-8fc3-b2dd4e2654e6,Cylinder
14c195d8-a924-45a3-aef7-378f2dd9d0f0,Cylinder
14e559f6-7d14-4570-9280-952351048f28,Cone
2bfe6028-cf4d-48f6-9b75-6337b71a39f5,Torus
2c109fed-2237-4a53-b54f-1863003b9ef3,Sphere
2a59279a-2ddc-4814-8e0c-3271c5079f1d,Sphere
170e61a2-1848-481f-afa6-40767f58d0eb,Cube
225e0782-cefe-45b4-aa10-8b5a49c74768,Cone
2bb92158-a9dc-4728-a015-096ac9dee44b,Torus
05e28a45-1103-4093-a2b7-664480991feb,Torus
1bdd10d4-5cb5-4459-8637-0b54f3c2dd65,Cylinder
16b51062-6032-42c3-892b-ec81646eb4be,Torus
0fcf0b8b-9f75-4991-8f4e-9e73335dcf63,Torus
32a2d8eb-461b-461c-8509-b5e2a5b5e46a,Cone
33ceaf28-2d35-40f6-8fd4-9bfaff986f34,Sphere
0785d058-3c4a-4099-94ee-137e43944939,Torus
22007be5-0b84-4c73-9322-e547ef035b67,Torus
13dae4ad-0ca8-41b3-9bb1-b82d6dd25fbf,Torus
04bc419d-5f9d-46c6-b1a5-00c87c6e9431,Cube
19480075-2495-4501-8138-357bc04a8d5a,Cylinder
0e736717-235e-4713-a417-638a6af73f20,Cube
05ab790d-6fe6-406f-aec4-0ce68f5f449a,Sphere
1bdd7c7a-3641-4276-843e-c9456e0bf3b0,Cone
293b24a5-820c-42f8-ab17-d78a1bcfb315,Cube
347492f2-820a-4edb-b471-90fb5eaca560,Cylinder
32c0fbe5-7c7a-4764-82ea-0b8468be8741,Cylinder
09d91b1b-864a-42ad-ae6e-36a943ef9117,Sphere
1f47e2d5-8e80-45af-b454-bce8768e79ca,Cylinder
05cf6b14-9809-43f0-8beb-0a5759d301d1,Cone
0fb3e259-a349-4dfc-891a-f0aa768fde31,Torus
1dc109ae-c64d-4db4-8fad-81ba0b6d6627,Cylinder
06de033c-8444-46dc-a1cd-8b5a60afeaa8,Cylinder
274d3a54-5f45-4f87-9bee-8812bdd05a65,Torus
30b2619e-f33c-4bb1-b518-b4dea48744bc,Torus
12255f0e-2e39-4945-8ab6-8ad34bcd3e22,Cylinder
062f05ef-fdd0-4727-bd0a-2c6d310c94eb,Torus
1e0859d4-2321-4f5b-a752-6b5711b969a9,Torus
06142386-d06c-42ce-bcd6-587693881916,Cone
27605562-3fc3-4919-933d-dd6dd486b9ac,Sphere
04deeb93-3852-4706-90e0-7e8277486a6f,Cone
190c943c-83ea-427f-9603-a384fe878c91,Sphere
30976fdc-ecd0-4afa-a4ce-b92349b1dcd3,Cylinder
02843e3e-5556-4202-ac69-6839cbe5df8d,Torus
04dc110e-c202-4424-8996-a829c99e43ad,Cylinder
09313f69-7839-4dde-9abc-ffda72aa06fc,Sphere
26e6f68c-aa74-4aa5-998e-714aba885d08,Torus
08a3e2ba-0f9e-4d0e-8902-ccd03fa2895d,Sphere
0ff21f3f-6a9e-4c86-84e5-d6dd2fcbf5cd,Cylinder
2216707b-d5d1-43c5-838e-6740298d2b48,Torus
1c1d166d-587b-48b4-8d47-e2cf0e1ec5a2,Cylinder
2d04dded-57a4-4cd8-88ea-768122c4e67c,Cone
079fde17-8984-4949-84d1-eadc3db94ac8,Sphere
21c70e80-d0f0-45f4-82be-8c9484ca4d25,Cylinder
1b5e662b-8761-4613-b19f-cbbf0256b28d,Sphere
27b9d72f-fd8f-4721-a3a5-11b1373f966c,Torus
09686d96-ec3a-4048-9edf-cddd11fd8f3b,Cylinder
19ad097c-a947-4e95-a305-ec70f228249b,Cube
055cef64-3ab0-4c0f-b21e-70be6ed93921,Torus
1a5c19d2-f162-486f-9da8-0d2716d9fc26,Cone
280b8f61-04c9-4e90-a0fa-d5ffb63cd078,Sphere
1262fee4-a104-44d4-ba7f-bf4296e5df9e,Cube
2903c276-68e4-4e7a-8c98-1e11b2966b28,Cylinder
33b27daa-cf8d-48dd-844c-2e3187f71be8,Sphere
29075df5-982a-4384-b6c0-53b92fb8528b,Cube
07d1614e-cc44-4cfc-82e6-a724fd2159a1,Cube
251b7b88-a490-47f1-822c-69bf9b3c007c,Cube
19bfb652-774e-4ce1-bcb4-dec7ad6f98ba,Cone
119762c5-00cb-480e-a6b9-d516b35285ed,Torus
245038ca-4bf8-462f-8de8-502afb6dccee,Cone
267d76e6-d36c-41f5-8a03-3d590cc87c04,Cone
2f5511dd-a588-4bd8-9286-0388d6cfc298,Sphere
00ab40ce-8100-4da8-b342-b34833500afe,Sphere
249c3b50-1d73-4a95-a685-63785e20380f,Torus
2cdf66ee-9a5d-4c6d-9858-47b978b729c1,Torus
346fc8d9-d91b-496e-a724-efbc5f7cc076,Cone
35ffd883-9fd8-42f4-83ab-43af0d74d18e,Cylinder
084a7eca-ea36-4a5d-b37d-975362a04d2b,Cylinder
277a002e-f503-4b6e-a518-20daffd9fa9a,Sphere
09e65554-3643-40fd-b01b-4d43a4020cdd,Sphere
27dcf947-e6e1-419e-97cd-480141714fdd,Torus
1f530fd5-2d9f-4f6d-b386-ac110a01617b,Cylinder
0a4b768b-755f-470b-a5ac-ed934b4f6afa,Cube
02349122-a849-4302-83c9-d1aaec50fabb,Cylinder
0e3fa441-dbd4-4564-a084-8afb286d94cf,Cylinder
2d713e9b-5c36-4045-bd61-d3242be72a4d,Cylinder
3417e3f9-86f6-408d-81e1-ab0b8ac7837a,Cube
148724ce-45e4-4fda-afbc-0243b8f93447,Cone
17985e15-5c57-4109-9a7b-87c536ae332d,Cube
143b6674-398d-48e1-9c05-950e95f15a22,Torus
18ec650e-339b-4f57-a5d2-20c27d4239e9,Cylinder
1c81e3d0-7742-4f44-94be-25e462a5ce00,Cylinder
19b59875-e627-4e31-9def-7446e88d9ca7,Sphere
2c43e616-bbc0-4f45-8ccc-f2dac74249c9,Cone
2e852c58-aaba-4c96-9fd4-e9baf0cf215f,Cylinder
1ca5f910-428b-46df-ae3a-02d1ddf6d3eb,Cube
08233c33-b3c8-4ed3-a587-0d25a6b5f8c1,Sphere
02058a09-0836-42fd-9ed1-ddfe9947cc70,Cylinder
358fc12f-2238-4dc0-b5b7-c45f4714710a,Cylinder
0cbeb2f3-0e3c-4b8b-b6d6-0b6e61499219,Cylinder
1a537521-9fdb-4c87-9f8c-a6bf035cfe82,Sphere
01f3d53b-12a5-4d78-8073-c58c7d75ea2b,Cylinder
03f25229-8b37-4ace-8727-db13e6f8da0b,Cube
2cce9d9d-65a9-4fe3-94c5-81c92ac899b3,Torus
1a0b9a60-3a70-433c-a61c-0890ca2ef451,Cylinder
27104f4c-14dd-4c8b-b285-3d5cee06001a,Cylinder
29b72574-cbc2-4d16-9f0b-a0de0a3941f4,Cone
03889c8b-797d-4ee4-81f5-514122744e95,Torus
277090c4-e491-48ae-befd-05d14ce7eb4f,Cylinder
25bcd972-7037-4558-992b-5198426859ac,Cylinder
06ca7fc2-475c-4a63-bb0c-5d8d8899ecba,Cube
09ba2f4e-e048-4f4a-a052-6668b1da7352,Torus
05efc702-d7a6-4e51-b5e2-44bca2d63aa1,Torus
27fe526f-fdc7-4b60-98c4-4757980320ee,Cone
3296519f-46e9-4303-acef-43b0d53b5925,Cube
0ca5b8bd-1af3-47a9-be8a-a5dc43c3ee7f,Cylinder
0c38ffa0-fd81-4de5-bf4c-417175347d79,Cube
0da5544b-1737-411f-8ed6-98b2ae6b92c2,Cylinder
128f3869-0a65-4b51-a459-92a434508da6,Cube
2e35d903-fb7c-45d2-84ec-9e23d6ed1ce8,Cube
036eec68-a64b-4c81-8599-b9dbcc4c5755,Torus
1de50d65-9ba4-4ee6-9763-1d0a745859f4,Sphere
30c355ab-d6a5-4a00-bafb-55c3e85761d6,Cube
19a09437-a20e-4ffa-bfbd-0ff7b7cc633e,Torus
1080b589-bc59-4574-9d74-e20210889ba6,Sphere
0e5c131d-0824-408b-b93a-4dcaa40c2c0a,Torus
09c65cd0-e061-4468-b07e-cbdcfa1238b0,Sphere
154be7ed-c215-462f-b7c4-0fe83fb6002e,Cube
11f1c32f-984e-4cd0-b01c-160d47ab1e5a,Cylinder
1c2b4b0a-c01d-4894-a3f7-f88eb56b951c,Cone
2b8334bd-b124-4104-a31d-664fe59e10b0,Cylinder
0af42460-f0e6-45bc-a07e-ba3e8989c264,Cube
33708e2d-97b0-473a-a3f6-c7bbd12ade08,Cylinder
3308d46a-dc33-42cf-a497-48bc4162af11,Cube
2bdee109-c847-4f14-9cad-a52842f05b81,Cylinder
14761677-b087-4fd5-b997-925f156dc442,Sphere
2ddcce24-9d0a-42ea-9fee-c7e8db71f24a,Cylinder
29d74281-1fe1-4fe0-baa2-0824efd1ad7a,Cone
24d10ada-7b04-4c86-854d-ba69cfe79a12,Cone
1368592f-c8bf-4698-8f29-9d650dc20f38,Sphere
3139ec05-1eab-473f-b89f-afc7ce212574,Torus
0f5cf8fa-7689-4bc6-b497-a33ce59cc6f0,Cone
34632bbc-e6cc-4e24-a3f3-0e52f1a08470,Torus
1d706d93-a6a0-4462-9bbd-cd806f7ad17b,Cylinder
23f02a51-fc59-483f-b8b4-ebb049a8cae5,Cone
23452e27-76d3-4a80-ae99-1e7fe2e01f20,Cube
0b2d82bb-d25c-4099-8f98-3c08ab085946,Sphere
35509aa2-039f-4d65-b0ef-4c4a3253493a,Torus
09d0a3f4-c90f-472b-a133-cffa21c6f4d4,Torus
1bdd7f20-4c43-4f8e-8a0d-f7e4c35e77a6,Sphere
00f6ad9b-4833-4cee-8ed5-6762d69dfb59,Torus
21ecc3bf-1616-4ba9-b60a-39f8129e3978,Sphere
2e6e5f14-2360-4a25-8dce-844dfcecc805,Cube
1d3fed0a-fbfc-4966-9957-c69186f7efe6,Cone
34407434-7cf0-47c4-8e9e-9c4e3c59df42,Torus
0e2ad463-c95b-4424-ae8e-ee8bb0526d07,Cylinder
2857e221-c0d9-44bb-be59-d0350e95f527,Cone
1a8d3af1-0a0f-4460-a92a-204f599148d9,Torus
06aa3675-64d9-4fb0-a6ce-8b658af32574,Cube
0a5cc9d0-6bc7-4f4a-b02c-6899a6c56a13,Torus
15d58ce5-4d68-4239-ba5e-bacd3c9b4747,Cube
0d93c2d9-cc70-4bee-b91f-1fe7b0e00574,Torus
17cad66b-89f6-44dd-88fc-18239db1950c,Sphere
2c3bb7d1-836c-4ec6-a7f9-267e883f0c80,Cone
23a14b84-333c-44e0-a9b8-0a976fe0a64e,Cylinder
074aafd4-ada2-409d-adc0-3546829b8bd7,Cube
09470f5e-b76f-4c10-bc81-1683e1b5134e,Torus
354fe95a-7319-4b76-9db7-8263c16005b8,Sphere
2b2f7042-5866-44cf-bc9f-898318aa48c4,Sphere
20e7cadb-8486-49f6-993c-feb489f77ae3,Torus
05dc433f-2c9a-4d02-9a92-db76824cf72c,Cone
320d2d9f-f239-4c19-8af7-4e0aa9bd54e7,Cube
129d315b-0cfd-401c-8ac0-a4c6842b5cfb,Cylinder
0704ba13-aaea-4eee-b545-0955f9a7f36a,Cylinder
22ce61a9-0ede-45fa-8275-15cc1c4181c8,Cylinder
015913d0-52a9-4fd6-a492-bda1aeee077a,Cone
2e43a15d-13df-47ea-b641-d6a5ed269c73,Sphere
0fb68c5f-ed10-4cdb-8383-f10a2a90a856,Cylinder
0fe6831a-4c3e-48cc-9296-f3bddff64419,Cube
087d61fa-4cce-4776-afc2-6032dda93612,Sphere
2684d8c0-8eb9-40e0-890a-b823403ab5bc,Cone
0a1078af-f788-4a99-b6f3-b9cb4fdb19ea,Torus
1d0d2e6f-f760-4c1a-bbad-35d3cfc368a3,Sphere
29421f6e-576b-484f-b693-500bd90cd442,Cube
024b2721-03a3-4921-87cb-67be2c758ba4,Cone
181084f2-f054-4be2-b413-8f893edeaa07,Cube
2cfe0155-e9c0-4fef-a8ad-474d438116dc,Sphere
229fd31d-e38a-4ec0-856e-0e4a9d576e21,Sphere
34f050bf-899d-4267-a4e7-fa45aedcc981,Torus
0cf6099d-b352-4a37-b4fa-e6f7a3d56743,Torus
24123954-a896-4c83-8769-e9702c32d7f1,Sphere
0a283057-128d-48de-be61-b457aea7f526,Torus
0eeca8ab-3029-4604-976d-43a8b7533d8c,Cone
1218b078-4122-44a7-b5b9-b5f2d65a1582,Cylinder
14562d10-eaca-459a-b1c8-34365cf3122f,Sphere
272a9e3a-c616-4025-b435-49ba9c169c34,Torus
257b51dc-e3d6-41d7-99e4-aa81bcbbebd4,Cone
0b683ac8-980d-48be-b5f3-9e451899fd23,Sphere
1c53d251-bcc7-4245-bfe5-40e55ff34a48,Cone
082c1174-7e25-4b13-a558-b39569252cae,Cone
109922d4-1309-4075-ba94-076e3e896175,Torus
0000f8f3-1d1f-4edd-8f25-9304e10090b0,Cone
16c661e1-007b-491a-a696-7169109f716b,Torus
2f109f82-e9e2-499c-a356-0c1718442fb1,Cone
171cffbd-4b9f-48ff-8398-3d6361e55a2b,Cube
2a38eab1-7a5c-4385-8451-b6f148e86d4e,Cone
0ab10887-b8c0-411b-95aa-6717b80d4e3e,Cone
0aeca268-b42b-4643-87c0-d027b436dadf,Cylinder
246cac77-8ae7-4894-a87d-2f6de9ed219a,Cube
2121d0d6-82d1-41c4-ac6c-6df0202eca36,Cylinder
21521001-69c8-483b-b448-784c24156784,Torus
2ad9e627-0bab-49ab-bff7-e5fe8b95c2ae,Cube
128da0ac-63d9-41c4-9376-132e5900f338,Cylinder
339a7088-c26d-4caf-821d-40f5c94accdd,Sphere
235f488b-230a-4363-8169-bbf57b632f57,Sphere
28cf20ba-7c3d-4cb2-bafb-e42c049f50ea,Torus
34b1de9f-185d-42e9-be45-4d287b17b893,Cylinder
13cadd23-8fda-43d8-ab65-f7af0a77fb11,Cylinder
119b51f7-b3e1-45f2-a989-b3f1c19820d7,Cone
27e21c3d-7d35-45a3-bcc0-fda8951b1cc0,Sphere
2e8406c4-101e-4911-8fea-1a00cc6e0c92,Sphere
1ba1a810-2cef-49a2-b1fe-d14ac87ef2d5,Cone
2d23e672-0d44-4e8a-aba5-e813678a7803,Cube
1f3b28e0-0567-4c03-afed-95a0909c1767,Cube
3171f824-5265-430c-8b0a-0f2f294b24e0,Torus
3480fdef-5783-477e-805f-75e95a2e698a,Torus
05a02c94-facf-4511-9afb-c22d99c15a70,Cube
1e8721d3-1090-400c-bfce-babb9b1dd34a,Sphere
0570065c-9635-420b-94a6-44f23af12dd7,Torus
04ad7aab-dbad-4107-8ecb-16614e1609ea,Torus
199c6a69-d4b5-489d-b34f-3db6bc04babe,Cube
006a26b8-cada-4658-b706-f4220deada06,Torus
13e5e828-3ef2-4db4-ac36-2f464c94e9f6,Torus
0d4627fb-1bc2-4e25-9fc9-9a79a37be3d7,Torus
126c7c0a-5d35-4bfc-b231-2480f0b5a63d,Sphere
0f3899d3-c3a2-4700-b506-f5930a313561,Torus
127477f2-5e87-4faa-a85a-2aa042bcd498,Torus
177fed26-ac3d-4369-bd89-22118c2e896a,Torus
1c8e078a-448d-49b5-9b61-fb5a5f43063c,Cylinder
2ca9e5bf-317e-4397-88d6-49912e1f015a,Cube
1bb17068-c660-4cc3-aa0c-0dfcf49b1e06,Cone
2e5d20ed-cb53-4aae-a0ba-bd3bdcf635c1,Cube
07e7ec2f-850f-4f68-a5f1-edd20a03581e,Cone
2f1bd417-0a2d-4896-8c4f-0791c761ed3e,Sphere
282b8b8c-82d3-4b4c-bac9-fa57f5771818,Torus
06aadd8c-fa9e-409e-a1a0-473283d54042,Cylinder
049d0653-3c2d-47ca-93b3-cd511ed1cdb6,Sphere
0e64667f-9d7e-4c0f-9fd8-4a6ba66a5c4d,Cylinder
110083e7-9fd6-439f-8e66-f859b5a070ca,Cone
178bfe1d-57e0-4ea3-8fdf-b7994c386b50,Torus
31563975-896a-459a-aa2a-66042c69e9ec,Sphere
1a7b39ee-e733-4625-bfde-2e8ebab62c4f,Cone
078018dc-9124-4c8f-b31b-e684ca4d97e8,Cube
06a251af-9ac9-4200-b159-a20870186907,Cone
18889bc2-8352-4906-93ac-46ca72523e8c,Cone
14eca27e-c67c-4fbe-8cfa-92e669c8f79c,Cube
25486170-c01d-4943-8978-3070a5cff26d,Cone
1c346b62-41f2-42fd-aaab-6d79257d45f1,Cube
1edbd2d6-ffa3-49e3-bb1a-1099d85f129f,Cylinder
2bbf33c2-4431-4bf1-94d8-b7f1764c4207,Torus
2a83494e-47eb-43ff-b722-371aac3c93d8,Cone
0cf15f36-ae83-494b-9586-8dc9fded255d,Sphere
26f2996e-53a7-421d-a630-f539abf17b2e,Cone
20e9d2fa-05ad-49ce-a455-e39df0c7c1b9,Cube
0e2f1fb1-87ea-4d9c-bccb-75cccd6d92ac,Cube
1442f0f5-7f1d-4676-ac86-c8bb6bcf60d6,Sphere
239df117-20d3-4057-af55-81534edc3534,Cube
253635ce-fd39-4ba0-b5b8-1af1877f4c39,Cone
0cde36da-0a04-414a-9f26-369052f103d7,Cone
1de18b7e-a13e-423c-b152-a89c78d56ab6,Cube
2a3ae841-bfde-44d7-b52e-741d51ea7d91,Sphere
17771bc0-f930-4a6e-8308-0d2561a76045,Cube
0d668ba1-7674-47e1-8e94-e9f4bfae9b88,Cone
28e49f5d-e724-4e8f-a323-1819466f0557,Cube
2ba8beef-7f3d-4568-95fe-24436b245d09,Cylinder
1968563b-7ee8-4ffb-a5ec-6c3823dd8626,Sphere
2052d9c2-0f9f-4382-8fa6-b799db7c2437,Sphere
1ea432bb-3b00-48de-89e9-48c136a36f53,Cube
35a8db70-0876-4491-8b48-0d50f5c55e16,Cone
0ddc2251-f604-459a-b810-0490fa031a15,Cylinder
18398061-44cd-4023-91c4-90d86aa8e3b6,Cylinder
1e5fd05e-2423-4d7d-9af5-6399bfbd2d31,Torus
1dfdd734-6f35-4cbb-833c-bb4b40073350,Sphere
1ce42716-3476-4e01-beef-31ad268f4a00,Cone
1ad33885-0351-4f12-9959-7ac882e873d8,Cube
11981eb1-90c2-49fa-b5d0-44e0bb19220c,Sphere
135e7fbd-956d-4a36-a8ed-7238c580871b,Cylinder
05d58dfd-5453-43b9-a587-3d78db70ed1d,Cylinder
0de0c9d4-5aba-421f-b994-6c46d1e87ddb,Sphere
28bec8c8-4be7-4ffd-8c55-68b63e37a4cb,Sphere
0be5cac7-36c7-4299-b8f0-240a09b0c38d,Cube
2bb03b94-0951-4e51-a278-5ced6f88983a,Torus
0f06536a-01a4-45e8-99a3-9470f48b3c15,Sphere
1aae7db6-06b9-4f53-a520-acb14f326a3d,Cube
2100f637-e51e-4e4a-a8eb-e9db17997646,Cube
1e0d7d60-b46a-4141-b4e3-2c9d56db7edd,Cube
01a7d523-45ab-4707-a68d-4e95e7f802fc,Cone
1953962b-3023-46cd-90df-bbcbba041e06,Cube
21c5b48d-6f7c-440c-9f23-848724ecbf6c,Cylinder
24cac984-a78e-4d44-978f-6a03a70cf027,Sphere
35565c73-a467-4714-a937-0c297157433a,Cone
2ef47d81-f689-4b57-bbc9-57dc16bc4e20,Cone
13a2ff51-b0e3-44e0-ae99-cfcf57e68c55,Sphere
1453f1e2-0dee-4b05-91e5-fc1cca0d8148,Torus
34766100-16cb-4585-a701-4bf025848328,Sphere
1af1ebd4-34c0-4f29-8265-93f710a3f29f,Cube
1a4aa2c9-e400-4d7c-9893-ce3c57878cd0,Sphere
320ad116-acd7-40b2-8495-5e4209afcc55,Torus
1804b618-035a-4881-9802-c6f6dba2550b,Cylinder
09dd5ea1-5965-4341-a5e0-63c59350a62f,Cylinder
2feee894-899c-4ff4-882a-6d77b4662717,Sphere
19df9414-1ba9-4dbd-b7a2-e870ecc14123,Cylinder
0382b6a0-90fc-43e5-b5b6-62a5896c9eb3,Cylinder
2ab05684-8a91-4dc6-a34d-08f73afda5a1,Torus
28fd2b5b-9bc6-4592-b299-4e024275e026,Cube
3247f796-c5d4-4c23-a32f-0fcd102e475a,Torus
1d1ae46a-c37d-4a5f-b20d-92e21f998a43,Cylinder
023a441e-3951-485a-abda-33c9f76f4925,Torus
3484e92d-f644-46ce-bb7d-6148515262af,Cone
3069b5b6-f467-4fe3-8256-5c756b45bf4c,Cylinder
051c2a07-ce85-4f1d-aac8-79b3b65ae79f,Cube
0d5fb6cc-cb75-44b1-b2ae-3009a62f1d69,Cylinder
21301d27-2ffb-4b90-b2ed-89bc02212053,Cube
10585fba-bb21-4490-ba36-d535e93047d6,Sphere
1ff8fed4-ce7d-4522-98dc-238ef67b8807,Sphere
3112dfd0-a1b3-47fa-a9ed-66cb5bd976f2,Cube
266897b7-6462-40b6-887f-04656d1b3de3,Cylinder
1345410f-2d1a-482e-9765-c76a64dd74a5,Cylinder
273f0138-b2ee-4ce1-a216-5f45b70ce2ea,Sphere
27b31193-a496-452f-a780-55c850d45043,Cone
1d40e09b-62b3-4bf3-8b68-9d2a5b633b74,Sphere
2b19f60e-f461-487a-aa14-8f4504bb2eaf,Sphere
0b8df2d3-739f-429c-a6df-13bcbd5da6dc,Torus
0d178e34-eacf-40a6-9eba-b1a83a9d1e03,Cube
294af6d2-ea07-45d5-891d-e7de1dfbaf7d,Cylinder
1a19d688-ec72-4867-a9ff-1ecddb0b7b70,Torus
0f01e8cd-8c6c-410d-a137-db9f9088861c,Cube
229bd0e5-f893-46c4-85e6-5bf077f5b650,Sphere
224ced7d-42c4-4ef9-a195-3ed2933e1d28,Torus
18bac1bb-d5b7-4fde-9723-43a4a2bdae53,Torus
0fb484a5-2ee9-463b-825d-68f5b0e347ed,Cone
0c83339b-2832-48bb-9a31-e1c9c8a7caf1,Cylinder
2b708b73-2566-439b-9b78-afbb730d4ce9,Sphere
1d28bce9-0c53-4508-baf0-753dabef8dee,Torus
25bb374f-8557-4518-8878-287bf31f1709,Cube
1ad6d131-9057-455c-837f-d656c73cc282,Cone
0ea35afb-a1bf-4992-903b-899bda3d1d37,Cube
1f2179a6-76f5-403e-a972-cbce588a4f78,Cylinder
1d3556f6-d596-4ac2-9b56-2f36ce119b7c,Torus
095de2a5-748e-414e-a52b-d98248b95cdd,Cylinder
1e2396e5-a8eb-4d67-9633-0e0d18501deb,Torus
2ef59b3d-1509-488d-ae58-37d10324bbb5,Cube
21530efc-aeec-434f-b393-4b5713661822,Cone
26188779-103e-43e1-8f5b-d78b36d71b26,Torus
265717f8-39b4-47c6-841e-027a8a3a59ca,Cylinder
05c3f5de-d506-4cc0-a6be-8af6e7a536de,Sphere
28e23d5d-4a61-4c95-b37e-551ca902d774,Sphere
090f6a91-de3e-4205-ac36-45cf8f15a1cb,Sphere
0efcd6b7-3fc4-4036-8f73-a7c9649b602f,Cube
197e55f6-4b22-413d-b85e-57fe3747dc2e,Cylinder
10fc8f39-4646-4bcd-ba17-2f625ce1cbc3,Cube
1ea7252a-cdf2-414d-afb8-e969ce88f510,Torus
07767b24-f937-4bee-ad85-d5cb4e45db55,Torus
1f0976f3-63cc-45a6-9376-e1c1fdb8dc79,Torus
0895c17b-5deb-403b-8ebf-128f2f90d49f,Cube
0170eb2b-d140-4911-89f7-66672b86f399,Sphere
2b7d6905-cc6c-4400-99a8-714dc3477181,Sphere
28cafa5d-27c1-49e6-a063-cd6e742b0f2f,Torus
0cba4249-be5b-415c-8540-048435718e9c,Torus
0e22de01-0fb0-4dd8-b4e7-4dbd509332df,Torus
2a87cab6-ccfa-4487-9d92-c7f80ec8c1f4,Torus
07f2e5e3-1207-4887-af7f-c90593423233,Cylinder
1ac3c890-764c-4f1a-92ab-af67d2f72f22,Cone
09469744-9517-46b0-bc5b-b0e4f1b0a3be,Torus
1ae48c94-b9c5-4811-896b-4c08f0a16a85,Cylinder
2d0281cf-8f3c-4f2e-b6a8-344c91fe3d51,Sphere
094ff161-5732-46a6-953a-638880b090ba,Cube
18d7a0ac-3ae0-4d70-9cfb-0fcf5e3ad61c,Cube
0eb15666-164c-4341-bfd9-83e0d6927a70,Torus
0988db08-6771-4ab4-9992-7bf27dae02d4,Cylinder
2c78e5ca-1235-40af-9064-6c0f42cb5da6,Cone
11cb7a79-b041-4a50-b01e-5bc5ff08e225,Torus
2446fc3b-8e92-439b-9108-04995bb07701,Cylinder
206e5f85-2f30-4b45-bdb2-306e20c21d66,Cube
0e6e2fb4-9bfc-4b09-8627-2604406c77da,Cube
19192336-0b40-45ee-9dbf-140e53b135b3,Sphere
1a5633b7-0fc5-4a82-84a6-f49389f996d3,Cylinder
12880a51-2816-4182-981f-645139a5d31d,Cube
2a95792b-5f78-4103-8068-49df1192300f,Cylinder
0df2f22d-dc84-4245-8628-6459a05dd33b,Cone
1bb1b999-809c-4b0b-a646-2022a0315087,Cube
29b6a38b-72e6-487b-bfb8-a260f22bcac9,Torus
251c6132-c915-419e-9cbc-696d83d62f52,Cone
2c71f00a-fcdd-441f-9ff8-63a16367e501,Sphere
0ce8999f-7453-4878-8a8e-03a2b45209c7,Cone
08486b6f-f331-4f50-be42-cc5714565cba,Sphere
18c1c65b-fa4a-4f4e-ae51-8997b27b8404,Sphere
32611675-3f03-428b-a343-fafef706fb22,Cone
2d7d130b-35d6-48da-93d7-26a54104c9ee,Cone
2ee1b570-7f57-441f-9f60-109203fdd943,Cylinder
32bf0142-dced-4414-a655-f03578fee2f1,Sphere
25f3eff9-7514-4f0c-ad29-0fa565d2d5df,Cube
252e9ebd-af10-4989-a4d2-71c06b937496,Cylinder
255ea303-2c80-411a-ba91-7461e335bfcf,Cone
1ca324cf-c3f0-425e-a061-c0b2eebeee00,Torus
2011fce4-e863-4816-bad2-e1e97955db7e,Torus
22a18c5a-0417-48b6-81db-3b8a14fa90fe,Cone
0cd9b813-d7ba-4f2b-8a50-416b99aee59b,Sphere
148b3b3f-6440-4ccf-a9a1-49ec4e2b2b59,Cube
103f587b-80db-4101-a126-eeedb21f03fa,Sphere
0336248f-ed9a-46d9-9683-1c152a3c72b3,Torus
2537926f-fa0f-4d2a-a430-097dba6928be,Cylinder
096da4f0-9748-4182-ae09-cab2a13ffdb3,Cube
07793593-6d78-4094-a0a4-54db451754cb,Cone
043a60fb-5544-4b38-8527-0c4d06affa17,Torus
31613c4b-d267-40f7-a9d2-43c9c25d48c8,Sphere
248e774c-5aaa-41c3-af5f-32087d52a5d3,Torus
131287cb-b30f-48c6-8c59-e2c9030674b7,Torus
0345121f-bfae-4dfc-abda-287147ae64d6,Cube
05237ff4-214b-44fc-8809-afe8f11c858d,Cylinder
1cd3aaec-2f1f-44cb-b456-ef45a1cbc6ce,Torus
303d1302-a7ac-4e0e-b3ae-dcbef52759d6,Cube
03f7a241-4119-42af-9589-7c38da065c52,Sphere
2bc07dfb-d13e-4598-ad32-81c5cda6d127,Cone
2c81b685-bc22-4418-94a4-444dde32b1a0,Cube
2bfcf6fe-d945-4f06-bddd-c9497d286f24,Sphere
1284372e-1b28-4967-be35-39327d2216e2,Sphere
0749e264-1c66-476d-a3ee-75121f517ce2,Torus
1db9886d-91b7-4f2e-b474-7970755817f4,Torus
1683d446-310e-43a6-9312-2a0c6569ab5b,Sphere
071c06c6-8bb2-4440-aa65-8adfb8cfc5a8,Cone
0b413c07-a846-46bf-bb63-956560ad65e3,Cylinder
23c268d5-a5f1-4c75-91e1-882352c1cbd2,Torus
292c47a2-b49c-4dcf-aa01-4924e991eefb,Sphere
2c8900ab-0bc1-48b9-b61a-e4c1cd51b73e,Torus
066adb02-90bd-4fbd-adcb-c24bd82fef0a,Cube
0220a563-5094-4ce2-b01d-8cccff4b1811,Sphere
11296b56-2cbe-4ad0-b248-e8c37f3dbe22,Cube
10b238eb-b700-41a5-a191-40847d4b6969,Cone
2197f966-55b3-4ec8-bcfc-d680dc0f1eee,Torus
0c82e5ac-670c-4a79-b19f-c1b3086f3015,Cylinder
22083d85-cf42-4d6c-b6ef-72eb1af5d287,Cone
187cb651-f6d5-49ef-9318-87eb3e5159ed,Cylinder
35480bd8-7687-40c2-bfa3-7aae9bc68129,Cube
138fdcce-f44d-48f1-a524-bc937cb3dd48,Cone
15523457-0537-4382-bdc1-e22fd7bc48da,Torus
342146c5-e7fb-47a7-882c-8afe513fa3e6,Cube
1a4720b9-0bef-4d63-bf72-4d3efe87a69f,Cube
07a19764-39ae-4822-a679-22deb01bb15c,Torus
0153ac80-71b7-4815-b57b-acda9bae03b6,Torus
12ff75e4-8a4c-4a23-b5c3-5e8d72a5b368,Cube
322ad16b-208c-4907-98aa-06b5f510b869,Cube
2f8845ec-52c1-41fe-acde-b660c26118bf,Cone
196132be-e87c-472b-ae7a-03e37d5ec82a,Cube
178aca04-ea37-46ce-a031-594ca3323f0d,Cylinder
04d7d917-a911-470e-a586-1cc2d6d52dc6,Cylinder
037a078b-46c2-41b3-b227-4f1d67ff95e7,Sphere
02a064bc-d180-45d5-a3a2-eebfe009f5dc,Sphere
0262ef42-fb94-47e8-9651-439ced24d4ba,Cylinder
0a79964c-60e7-475f-b4a4-92ca763b0ce2,Sphere
0528150e-0c45-4388-a0cc-6024d61e0001,Cube
0e4e090e-9517-42be-b7ab-50426057b07f,Sphere
2bb13311-8c34-462c-ba67-3d5171f34321,Sphere
1063f147-c68b-4ad0-a950-2ca150b52504,Cube
0b309269-280a-487d-8ae0-f473eec086a8,Sphere
32e64bad-01fb-46fd-95db-1d73a4585f4c,Cylinder
00222dd1-5bee-4af5-8f26-6332331fa31d,Cube
20071dc5-367c-4147-b9c4-acacc507cfc0,Cylinder
2a6b4f47-8586-4348-b058-d49b14020c85,Sphere
01fcea19-638a-4a6b-9de5-b68025aa6e0d,Sphere
2dbd0394-4082-42fd-8974-c354373abdab,Cone
0c6a13ad-1f01-4668-a415-88fc848a35e4,Sphere
1805af4a-cc79-46ff-9cf7-0d169bfc1cd4,Cone
06acff3f-190c-4096-b1e4-9cb70a0be023,Torus
034fe961-e55e-4f2b-abdc-3392e3f8daf8,Cube
24da7c95-ee43-4ea6-904a-0753c73aa7e8,Torus
245d843b-92bb-4a65-810b-6bf144b245f5,Sphere
1bcbccc2-c765-46bb-a4d6-593b6c24109d,Sphere
0575d42b-2d68-4dfc-8a84-120eec87ee2c,Sphere
07b93a4a-22ce-44fd-b65e-afb34d68a7e2,Cylinder
2aa16922-7811-46d5-8ae7-ed6e79b90d65,Cone
30b447db-c4b3-41f3-a8b4-14a7d9ed7c73,Cylinder
0dc89fd7-e506-484d-b3a4-bbb695902d9a,Cylinder
141c481b-ee2e-45b0-a0b5-8b518968cfe0,Cube
03080a5d-eb45-4b1e-ad0c-473aad2a95d7,Cone
2925f790-681a-44a3-a161-807afcc6e83e,Torus
1ffc6903-a630-47d9-b2e7-788a7ab9a0c3,Cube
194b43e4-fd8c-4508-b6a1-337baccf980a,Torus
139160be-8719-4166-829c-63aa5cfab7fd,Cube
154c81b3-1cac-4c39-86f6-4ab0d2ffadfc,Cube
256145bc-d754-46ac-8aa1-822df94fb1a4,Sphere
221e2377-4246-41da-b641-15303881bfd5,Cone
0f630418-a597-48e9-b360-fb11372e9a8d,Torus
33b6f704-7ce8-46d4-8473-ea0acd946991,Sphere
2305680f-b594-464b-8e46-feccf4530107,Sphere
1d91c8b4-29f6-4a55-997e-70457424c899,Cone
13d6dc3d-8059-4b0c-b0a2-14d6ecaf2ea3,Cube
2131a80d-d02c-4ed3-bd3a-d5215930957c,Torus
2693be76-1b37-4fc9-9590-050debc1b5e1,Cone
0c1c0e9f-7a93-44c6-b3d2-fb42b988c228,Cylinder
0f76edfb-af37-4f89-af7d-3c1226190eb6,Sphere
1b3274fd-3be9-4c4a-b70b-43e8f32f27bc,Cube
27039392-599e-4bca-9633-5f14cee13a6d,Torus
22ef14fb-b169-4762-9bd2-14e7a41b5178,Cube
1a88a090-0f71-4104-950c-b5bd7928ef41,Torus
25342fd2-cf6e-425f-9095-379d57e78595,Cone
2182b7fa-d71a-407f-aaef-5a241a723d7c,Torus
07edb0e9-b097-4879-9dad-f9fb5776c350,Torus
12bc43e0-a4ea-4489-8227-49267ca63b14,Cylinder
1982ae35-5ac4-4367-b48b-d189e4a9f562,Sphere
11796356-6c8d-4bfe-9540-b451a976f434,Torus
0b7d4641-d953-4de3-9425-3ed26d49241c,Torus
21dde8ae-ac1a-486c-ae09-9a94b8786be1,Torus
218d4d5c-1aa6-4986-835f-e2243b15c76d,Sphere
040f1db0-b061-47e7-9818-f0149b61bb65,Cone
1b079236-2e70-40c7-a049-35c22fcd95c6,Cube
2dcaaf57-eef7-4890-91fa-d518a4f1b530,Cone
281479fe-1412-41f6-9a0c-dabaaae9cb71,Cylinder
095f2b76-9fb3-4430-a876-e3eeab88ea67,Cone
0ed441c4-0e0c-4e98-b6c8-ac0bde7a4795,Sphere
0050e98c-b619-43a5-82b6-a405132990b7,Cone
300fc715-7ee8-4ac8-b564-52a5c5698cba,Sphere
108b468f-69f0-4076-9065-00ce5e91115c,Cone
35dea93b-b0d5-468d-9c0e-c8fdc8dfbfc2,Sphere
2794f6ff-e550-4442-93a2-df7f92b13e74,Torus
118f6321-4e9c-42d6-837a-9e713a3a4c88,Sphere
227c6f88-7101-4966-85bb-83eac8848f95,Cylinder
0f5e66b2-cf6b-4a8b-8aa1-9cd05591d650,Torus
1b1395da-331e-46a3-8ce2-d71cc98ca8a4,Cube
33b17930-7c56-477a-8c59-647cfe008896,Torus
05cdd32a-1367-4b6f-a43a-94f8d8e3d496,Cone
241162ba-fa4a-45a2-8f97-5b7582fe708e,Cone
06da350c-97e4-4876-a63d-a4abc508f23b,Sphere
107cad2b-17d1-41b6-92fd-9f6e6947bd6e,Cube
1e61454d-8f1a-49e6-95e1-0c62b778f6b2,Torus
15f8328a-0147-4a4a-a976-3bb2d9a0d09f,Torus
1948edeb-b06a-4ef8-b23d-1da1086ef515,Cube
09665beb-76ea-4010-81cd-2b721d83e22f,Sphere
2025986b-e041-4f3a-8634-63568487bcac,Sphere
0634dbc2-9816-40a8-8a99-602c6041216b,Torus
20480871-cde6-492a-926b-ab18849dcd99,Cylinder
0821d8bf-3313-4dae-a813-5fde88eb6703,Cone
0f96cb94-7daf-402b-a85e-10c6904215a5,Cylinder
153b0229-50ca-4386-b41f-9b1531ebd73c,Cone
0b63c019-08a6-4dee-af22-e065110cbffe,Sphere
18fd7409-9011-4ac6-b706-bef3368277cb,Cylinder
0a21c42d-0316-479b-aa21-979364bc77c4,Sphere
07a7b695-a5aa-4338-909c-7bdf93dd5508,Cone
1f4f022f-25ef-4df2-b948-251fe7327425,Torus
1515d0a6-7037-4e3d-bb23-f068f45c9e36,Sphere
30c3df71-2d2a-4caa-9f0a-bb803e21110d,Sphere
0387f858-4c7d-4caa-a631-195120e042a0,Cone
2524cc59-c552-471c-870a-803fe26132ef,Cone
061dc17a-275b-495e-8695-abaac3e7729f,Cylinder
0678e3cb-f992-47b3-a3e4-fc9af7bc09b5,Cone
040d268b-ba47-4893-aee6-7161691c11f9,Sphere
2cb47c00-eb04-4faa-97bf-3133e2c94bdd,Sphere
0ab0a45c-4260-46f6-9472-8027daee367c,Cone
337b26c4-2185-43c4-8b87-dccac5e3988f,Cone
091ffff4-6143-4eb5-a6d5-ff4c09434b1c,Cone
147f4898-9854-49ca-b3a9-0252d356320a,Sphere
24b61750-dc39-4b6a-a591-93aa28a5c888,Torus
157715b2-4f32-4d5c-8128-e4e75d3314b2,Cone
1367028c-afa8-44ad-8532-ea3e357d851b,Sphere
2931ac02-db7d-41dd-8b6a-bdae31cc4003,Sphere
2f6b1f88-e511-44d0-94c4-f258d61bca57,Sphere
09d14537-b4b9-4e65-8592-a4ad6228f1f3,Torus
16bbe69c-06db-4089-9fe5-98cc02f2edd4,Cube
1563ab8f-e9bd-4c0d-8790-eea803b2b9c1,Torus
0c4ffc54-9570-46b2-870c-6fa0d7f347ea,Cone
1ae75d8b-e0ed-4762-9928-3abe0b2745e5,Cone
0bd6f2d8-f5bf-448c-a158-e0cc6dce2ba3,Cone
1303b0c4-c6d8-450e-8bab-157f89b0671c,Sphere
127de065-f2d0-4d54-a0bb-a5c507a837c7,Cone
0e9dc661-8050-4be9-90e3-9bf994fff76a,Cone
109c304b-5e11-4dfb-a7d6-d7206ba1863c,Cone
262a2d90-00c1-46ef-a1f8-a2151eaa38c7,Sphere
04f83f88-cad4-499b-8a56-3b364e9d7eb4,Cone
136a3a19-9b09-4e4b-8841-facf47b9abc5,Torus
1e220704-e5d5-4596-864a-2fd3ab48fcbe,Sphere
14ae3c6a-867e-4814-821b-1993979f4a23,Sphere
222bdb7d-32e4-4499-988f-b91d0c7018c3,Cone
255e1024-5967-4247-9de9-b595403f6bc5,Cone
